processId,name,isOutsourced,createDatetime,updateDatetime
A001,裝配,N,2022-08-11 09:15:40,2022-08-11 09:15:40
A002,電子室裝配,N,2022-08-11 09:15:40,2022-08-11 09:15:40
A003,零件班,N,2022-08-11 09:15:40,2022-08-11 09:15:40
A004,測試,N,2022-08-11 09:15:40,2022-08-11 09:15:40
A005,包裝,N,2022-08-11 09:15:40,2022-08-11 09:15:40
A104,零件包,N,2022-08-11 09:15:40,2022-08-11 09:15:40
A204,配件,N,2022-08-11 09:15:40,2022-08-11 09:15:40
A304,靜態測試,N,2022-08-11 09:15:40,2022-08-11 09:15:40
B001,虛擬件作業,N,2022-08-11 09:15:40,2022-08-11 09:15:40
B002,虛擬件作業,N,2022-08-11 09:15:40,2022-08-11 09:15:40
B003,人工操作作業,N,2022-08-11 09:15:40,2022-08-11 09:15:40
B004,人工操作作業,N,2022-08-11 09:15:40,2022-08-11 09:15:40
B005,人工操作作業,N,2022-08-11 09:15:40,2022-08-11 09:15:40
B006,人工操作作業,N,2022-08-11 09:15:40,2022-08-11 09:15:40
B007,人工操作作業,N,2022-08-11 09:15:40,2022-08-11 09:15:40
B008,人工操作作業,N,2022-08-11 09:15:40,2022-08-11 09:15:40
B009,人工操作作業,N,2022-08-11 09:15:40,2022-08-11 09:15:40
B010,人工操作作業,N,2022-08-11 09:15:40,2022-08-11 09:15:40
B011,人工操作作業,N,2022-08-11 09:15:40,2022-08-11 09:15:40
B020,人工操作作業,N,2022-08-11 09:15:40,2022-08-11 09:15:40
B021,人工操作作業,N,2022-08-11 09:15:40,2022-08-11 09:15:40
C001,虛擬件作業,N,2022-08-11 09:15:40,2022-08-11 09:15:40
C002,虛擬件作業,N,2022-08-11 09:15:40,2022-08-11 09:15:40
C015,重工作業,N,2022-08-11 09:15:40,2022-08-11 09:15:40
D001,人工操作作業,N,2022-08-11 09:15:40,2022-08-11 09:15:40
D002,人工操作作業,N,2022-08-11 09:15:40,2022-08-11 09:15:40
D003,人工操作作業,N,2022-08-11 09:15:40,2022-08-11 09:15:40
D004,人工操作作業,N,2022-08-11 09:15:40,2022-08-11 09:15:40
D005,人工操作作業,N,2022-08-11 09:15:40,2022-08-11 09:15:40
D006,人工操作作業,N,2022-08-11 09:15:40,2022-08-11 09:15:40
D007,人工操作作業,N,2022-08-11 09:15:40,2022-08-11 09:15:40
D008,虛擬件作業,N,2022-08-11 09:15:40,2022-08-11 09:15:40
D009,人工操作作業,N,2022-08-11 09:15:40,2022-08-11 09:15:40
D010,人工操作作業,N,2022-08-11 09:15:40,2022-08-11 09:15:40
D011,人工操作作業,N,2022-08-11 09:15:40,2022-08-11 09:15:40
D012,人工操作作業,N,2022-08-11 09:15:40,2022-08-11 09:15:40
D013,人工操作作業,N,2022-08-11 09:15:40,2022-08-11 09:15:40
D014,人工操作作業,N,2022-08-11 09:15:40,2022-08-11 09:15:40
D015,人工操作作業,N,2022-08-11 09:15:40,2022-08-11 09:15:40
D016,人工操作作業,N,2022-08-11 09:15:40,2022-08-11 09:15:40
D017,人工操作作業,N,2022-08-11 09:15:40,2022-08-11 09:15:40
D018,人工操作作業,N,2022-08-11 09:15:40,2022-08-11 09:15:40
D019,人工操作作業,N,2022-08-11 09:15:40,2022-08-11 09:15:40
D020,人工操作作業,N,2022-08-11 09:15:40,2022-08-11 09:15:40
D021,人工操作作業,N,2022-08-11 09:15:40,2022-08-11 09:15:40
D022,人工操作作業,N,2022-08-11 09:15:40,2022-08-11 09:15:40
D023,人工操作作業,N,2022-08-11 09:15:40,2022-08-11 09:15:40
D025,人工操作作業,N,2022-08-11 09:15:40,2022-08-11 09:15:40
D026,人工操作作業,N,2022-08-11 09:15:40,2022-08-11 09:15:40
D027,人工操作作業,N,2022-08-11 09:15:40,2022-08-11 09:15:40
D028,人工操作作業,N,2022-08-11 09:15:40,2022-08-11 09:15:40
D029,人工操作作業,N,2022-08-11 09:15:40,2022-08-11 09:15:40
D030,人工操作作業,N,2022-08-11 09:15:40,2022-08-11 09:15:40
D031,人工操作作業,N,2022-08-11 09:15:40,2022-08-11 09:15:40
D032,人工操作作業,N,2022-08-11 09:15:40,2022-08-11 09:15:40
D033,人工操作作業,N,2022-08-11 09:15:40,2022-08-11 09:15:40
D034,人工操作作業,N,2022-08-11 09:15:40,2022-08-11 09:15:40
D035,人工操作作業,N,2022-08-11 09:15:40,2022-08-11 09:15:40
D036,人工操作作業,N,2022-08-11 09:15:40,2022-08-11 09:15:40
D037,人工操作作業,N,2022-08-11 09:15:40,2022-08-11 09:15:40
D038,人工操作作業,N,2022-08-11 09:15:40,2022-08-11 09:15:40
D039,人工操作作業,N,2022-08-11 09:15:40,2022-08-11 09:15:40
D040,人工操作作業,N,2022-08-11 09:15:40,2022-08-11 09:15:40
D041,人工操作作業,N,2022-08-11 09:15:40,2022-08-11 09:15:40
D042,人工操作作業,N,2022-08-11 09:15:40,2022-08-11 09:15:40
D043,人工操作作業,N,2022-08-11 09:15:40,2022-08-11 09:15:40
D044,人工操作作業,N,2022-08-11 09:15:40,2022-08-11 09:15:40
D045,人工操作作業,N,2022-08-11 09:15:40,2022-08-11 09:15:40
D050,人工操作作業,N,2022-08-11 09:15:40,2022-08-11 09:15:40
E001,虛擬件作業,N,2022-08-11 09:15:40,2022-08-11 09:15:40
E007,虛擬件作業,N,2022-08-11 09:15:40,2022-08-11 09:15:40
E015,虛擬件作業,N,2022-08-11 09:15:40,2022-08-11 09:15:40
E077,虛擬件作業,N,2022-08-11 09:15:40,2022-08-11 09:15:40
F001,機器作業,N,2022-08-11 09:15:40,2022-08-11 09:15:40
F002,機器作業,N,2022-08-11 09:15:40,2022-08-11 09:15:40
F003,機器作業,N,2022-08-11 09:15:40,2022-08-11 09:15:40
F004,機器作業,N,2022-08-11 09:15:40,2022-08-11 09:15:40
F005,機器作業,N,2022-08-11 09:15:40,2022-08-11 09:15:40
F006,機器作業,N,2022-08-11 09:15:40,2022-08-11 09:15:40
F007,機器作業,N,2022-08-11 09:15:40,2022-08-11 09:15:40
F008,機器作業,N,2022-08-11 09:15:40,2022-08-11 09:15:40
F009,機器作業,N,2022-08-11 09:15:40,2022-08-11 09:15:40
F010,機器作業,N,2022-08-11 09:15:40,2022-08-11 09:15:40
F011,機器作業,N,2022-08-11 09:15:40,2022-08-11 09:15:40
F012,機器作業,N,2022-08-11 09:15:40,2022-08-11 09:15:40
F013,機器作業,N,2022-08-11 09:15:40,2022-08-11 09:15:40
F014,機器作業,N,2022-08-11 09:15:40,2022-08-11 09:15:40
F015,機器作業,N,2022-08-11 09:15:40,2022-08-11 09:15:40
F016,機器作業,N,2022-08-11 09:15:40,2022-08-11 09:15:40
F017,機器作業,N,2022-08-11 09:15:40,2022-08-11 09:15:40
F018,機器作業,N,2022-08-11 09:15:40,2022-08-11 09:15:40
F019,機器作業,N,2022-08-11 09:15:40,2022-08-11 09:15:40
F020,機器作業,N,2022-08-11 09:15:40,2022-08-11 09:15:40
F021,機器作業,N,2022-08-11 09:15:40,2022-08-11 09:15:40
F022,機器作業,N,2022-08-11 09:15:40,2022-08-11 09:15:40
F023,機器作業,N,2022-08-11 09:15:40,2022-08-11 09:15:40
F024,機器作業,N,2022-08-11 09:15:40,2022-08-11 09:15:40
F025,機器作業,N,2022-08-11 09:15:40,2022-08-11 09:15:40
F026,機器作業,N,2022-08-11 09:15:40,2022-08-11 09:15:40
F027,機器作業,N,2022-08-11 09:15:40,2022-08-11 09:15:40
F028,機器作業,N,2022-08-11 09:15:40,2022-08-11 09:15:40
F029,機器作業,N,2022-08-11 09:15:40,2022-08-11 09:15:40
F030,機器作業,N,2022-08-11 09:15:40,2022-08-11 09:15:40
F031,機器作業,N,2022-08-11 09:15:40,2022-08-11 09:15:40
F032,機器作業,N,2022-08-11 09:15:40,2022-08-11 09:15:40
F033,機器作業,N,2022-08-11 09:15:40,2022-08-11 09:15:40
F034,機器作業,N,2022-08-11 09:15:40,2022-08-11 09:15:40
F035,機器作業,N,2022-08-11 09:15:40,2022-08-11 09:15:40
F036,機器作業,N,2022-08-11 09:15:40,2022-08-11 09:15:40
F037,機器作業,N,2022-08-11 09:15:40,2022-08-11 09:15:40
F038,機器作業,N,2022-08-11 09:15:40,2022-08-11 09:15:40
F039,機器作業,N,2022-08-11 09:15:40,2022-08-11 09:15:40
F040,機器作業,N,2022-08-11 09:15:40,2022-08-11 09:15:40
F041,機器作業,N,2022-08-11 09:15:40,2022-08-11 09:15:40
F042,機器作業,N,2022-08-11 09:15:40,2022-08-11 09:15:40
F058,機器作業,N,2022-08-11 09:15:40,2022-08-11 09:15:40
G001,人工焊接作業,N,2022-08-11 09:15:40,2022-08-11 09:15:40
G002,人工焊接作業,N,2022-08-11 09:15:40,2022-08-11 09:15:40
G003,人工焊接作業,N,2022-08-11 09:15:40,2022-08-11 09:15:40
G004,人工焊接作業,N,2022-08-11 09:15:40,2022-08-11 09:15:40
G005,人工焊接作業,N,2022-08-11 09:15:40,2022-08-11 09:15:40
G006,人工焊接作業,N,2022-08-11 09:15:40,2022-08-11 09:15:40
G007,人工焊接作業,N,2022-08-11 09:15:40,2022-08-11 09:15:40
G008,人工焊接作業,N,2022-08-11 09:15:40,2022-08-11 09:15:40
G009,人工焊接作業,N,2022-08-11 09:15:40,2022-08-11 09:15:40
G010,人工焊接作業,N,2022-08-11 09:15:40,2022-08-11 09:15:40
G011,人工焊接作業,N,2022-08-11 09:15:40,2022-08-11 09:15:40
G012,人工焊接作業,N,2022-08-11 09:15:40,2022-08-11 09:15:40
G013,人工焊接作業,N,2022-08-11 09:15:40,2022-08-11 09:15:40
G014,人工焊接作業,N,2022-08-11 09:15:40,2022-08-11 09:15:40
G015,人工焊接作業,N,2022-08-11 09:15:40,2022-08-11 09:15:40
G016,人工焊接作業,N,2022-08-11 09:15:40,2022-08-11 09:15:40
G017,人工焊接作業,N,2022-08-11 09:15:40,2022-08-11 09:15:40
G018,人工焊接作業,N,2022-08-11 09:15:40,2022-08-11 09:15:40
G019,人工焊接作業,N,2022-08-11 09:15:40,2022-08-11 09:15:40
G020,人工焊接作業,N,2022-08-11 09:15:40,2022-08-11 09:15:40
G021,人工焊接作業,N,2022-08-11 09:15:40,2022-08-11 09:15:40
G022,人工焊接作業,N,2022-08-11 09:15:40,2022-08-11 09:15:40
G023,人工焊接作業,N,2022-08-11 09:15:40,2022-08-11 09:15:40
G024,人工焊接作業,N,2022-08-11 09:15:40,2022-08-11 09:15:40
G025,人工焊接作業,N,2022-08-11 09:15:40,2022-08-11 09:15:40
G026,人工焊接作業,N,2022-08-11 09:15:40,2022-08-11 09:15:40
G027,人工焊接作業,N,2022-08-11 09:15:40,2022-08-11 09:15:40
G028,人工焊接作業,N,2022-08-11 09:15:40,2022-08-11 09:15:40
G029,人工焊接作業,N,2022-08-11 09:15:40,2022-08-11 09:15:40
G030,人工焊接作業,N,2022-08-11 09:15:40,2022-08-11 09:15:40
G031,人工焊接作業,N,2022-08-11 09:15:40,2022-08-11 09:15:40
G032,人工焊接作業,N,2022-08-11 09:15:40,2022-08-11 09:15:40
G033,人工焊接作業,N,2022-08-11 09:15:40,2022-08-11 09:15:40
G034,人工焊接作業,N,2022-08-11 09:15:40,2022-08-11 09:15:40
G035,人工焊接作業,N,2022-08-11 09:15:40,2022-08-11 09:15:40
G036,人工焊接作業,N,2022-08-11 09:15:40,2022-08-11 09:15:40
G037,人工焊接作業,N,2022-08-11 09:15:40,2022-08-11 09:15:40
G038,人工焊接作業,N,2022-08-11 09:15:40,2022-08-11 09:15:40
G039,人工焊接作業,N,2022-08-11 09:15:40,2022-08-11 09:15:40
G040,人工焊接作業,N,2022-08-11 09:15:40,2022-08-11 09:15:40
G041,人工焊接作業,N,2022-08-11 09:15:40,2022-08-11 09:15:40
G042,人工焊接作業,N,2022-08-11 09:15:40,2022-08-11 09:15:40
G043,包裝,N,2022-08-11 09:15:40,2022-08-11 09:15:40
G044,外觀檢查,N,2022-08-11 09:15:40,2022-08-11 09:15:40
G045,攻牙作業,N,2022-08-11 09:15:40,2022-08-11 09:15:40
G046,巡牙,N,2022-08-11 09:15:40,2022-08-11 09:15:40
G047,流鑽,N,2022-08-11 09:15:40,2022-08-11 09:15:40
G048,研磨,N,2022-08-11 09:15:40,2022-08-11 09:15:40
G049,校正,N,2022-08-11 09:15:40,2022-08-11 09:15:40
G050,除渣,N,2022-08-11 09:15:40,2022-08-11 09:15:40
G051,檢查焊道,N,2022-08-11 09:15:40,2022-08-11 09:15:40
G052,鉸孔,N,2022-08-11 09:15:40,2022-08-11 09:15:40
G053,鉆孔,N,2022-08-11 09:15:40,2022-08-11 09:15:40
G054,實配,N,2022-08-11 09:15:40,2022-08-11 09:15:40
G055,整圓,N,2022-08-11 09:15:40,2022-08-11 09:15:40
G056,側漏,N,2022-08-11 09:15:40,2022-08-11 09:15:40
G057,拉釘,N,2022-08-11 09:15:40,2022-08-11 09:15:40
G058,反模,N,2022-08-11 09:15:40,2022-08-11 09:15:40
G059,整平,N,2022-08-11 09:15:40,2022-08-11 09:15:40
S001,人工操作作業,N,2022-08-11 09:15:40,2022-08-11 09:15:40
S002,人工操作作業,N,2022-08-11 09:15:40,2022-08-11 09:15:40
S003,人工操作作業,N,2022-08-11 09:15:40,2022-08-11 09:15:40
S004,人工操作作業,N,2022-08-11 09:15:40,2022-08-11 09:15:40
S005,人工操作作業,N,2022-08-11 09:15:40,2022-08-11 09:15:40
S006,人工操作作業,N,2022-08-11 09:15:40,2022-08-11 09:15:40
S007,人工操作作業,N,2022-08-11 09:15:40,2022-08-11 09:15:40
S008,人工操作作業,N,2022-08-11 09:15:40,2022-08-11 09:15:40
S009,人工操作作業,N,2022-08-11 09:15:40,2022-08-11 09:15:40
S010,人工操作作業,N,2022-08-11 09:15:40,2022-08-11 09:15:40
S011,人工操作作業,N,2022-08-11 09:15:40,2022-08-11 09:15:40
S012,人工操作作業,N,2022-08-11 09:15:40,2022-08-11 09:15:40
S013,人工操作作業,N,2022-08-11 09:15:40,2022-08-11 09:15:40
S014,人工操作作業,N,2022-08-11 09:15:40,2022-08-11 09:15:40
S015,人工操作作業,N,2022-08-11 09:15:40,2022-08-11 09:15:40
S016,人工操作作業,N,2022-08-11 09:15:40,2022-08-11 09:15:40
S017,人工操作作業,N,2022-08-11 09:15:40,2022-08-11 09:15:40
S018,人工操作作業,N,2022-08-11 09:15:40,2022-08-11 09:15:40
S019,人工操作作業,N,2022-08-11 09:15:40,2022-08-11 09:15:40
S020,人工操作作業,N,2022-08-11 09:15:40,2022-08-11 09:15:40
S021,人工操作作業,N,2022-08-11 09:15:40,2022-08-11 09:15:40
S022,人工操作作業,N,2022-08-11 09:15:40,2022-08-11 09:15:40
S023,人工操作作業,N,2022-08-11 09:15:40,2022-08-11 09:15:40
S024,人工操作作業,N,2022-08-11 09:15:40,2022-08-11 09:15:40
S025,人工操作作業,N,2022-08-11 09:15:40,2022-08-11 09:15:40
S026,人工操作作業,N,2022-08-11 09:15:40,2022-08-11 09:15:40
S027,人工操作作業,N,2022-08-11 09:15:40,2022-08-11 09:15:40
S028,人工操作作業,N,2022-08-11 09:15:40,2022-08-11 09:15:40
S029,人工操作作業,N,2022-08-11 09:15:40,2022-08-11 09:15:40
S030,人工操作作業,N,2022-08-11 09:15:40,2022-08-11 09:15:40
S031,人工操作作業,N,2022-08-11 09:15:40,2022-08-11 09:15:40
S032,人工操作作業,N,2022-08-11 09:15:40,2022-08-11 09:15:40
S033,人工操作作業,N,2022-08-11 09:15:40,2022-08-11 09:15:40
S034,人工操作作業,N,2022-08-11 09:15:40,2022-08-11 09:15:40
S035,人工操作作業,N,2022-08-11 09:15:40,2022-08-11 09:15:40
S036,人工操作作業,N,2022-08-11 09:15:40,2022-08-11 09:15:40
S037,人工操作作業,N,2022-08-11 09:15:40,2022-08-11 09:15:40
S038,人工操作作業,N,2022-08-11 09:15:40,2022-08-11 09:15:40
S039,人工操作作業,N,2022-08-11 09:15:40,2022-08-11 09:15:40
S040,人工操作作業,N,2022-08-11 09:15:40,2022-08-11 09:15:40
S041,人工操作作業,N,2022-08-11 09:15:40,2022-08-11 09:15:40
S042,人工操作作業,N,2022-08-11 09:15:40,2022-08-11 09:15:40
S043,人工操作作業,N,2022-08-11 09:15:40,2022-08-11 09:15:40
S044,人工操作作業,N,2022-08-11 09:15:40,2022-08-11 09:15:40
S045,人工操作作業,N,2022-08-11 09:15:40,2022-08-11 09:15:40
S046,人工操作作業,N,2022-08-11 09:15:40,2022-08-11 09:15:40
S047,人工操作作業,N,2022-08-11 09:15:40,2022-08-11 09:15:40
S048,人工操作作業,N,2022-08-11 09:15:40,2022-08-11 09:15:40
S049,人工操作作業,N,2022-08-11 09:15:40,2022-08-11 09:15:40
S050,人工操作作業,N,2022-08-11 09:15:40,2022-08-11 09:15:40
S051,人工操作作業,N,2022-08-11 09:15:40,2022-08-11 09:15:40
S052,人工操作作業,N,2022-08-11 09:15:40,2022-08-11 09:15:40
S053,人工操作作業,N,2022-08-11 09:15:40,2022-08-11 09:15:40
S054,人工操作作業,N,2022-08-11 09:15:40,2022-08-11 09:15:40
S055,人工操作作業,N,2022-08-11 09:15:40,2022-08-11 09:15:40
S056,人工操作作業,N,2022-08-11 09:15:40,2022-08-11 09:15:40
S057,人工操作作業,N,2022-08-11 09:15:40,2022-08-11 09:15:40
S058,人工操作作業,N,2022-08-11 09:15:40,2022-08-11 09:15:40
S059,人工操作作業,N,2022-08-11 09:15:40,2022-08-11 09:15:40
S060,人工操作作業,N,2022-08-11 09:15:40,2022-08-11 09:15:40
S061,人工操作作業,N,2022-08-11 09:15:40,2022-08-11 09:15:40
S062,人工操作作業,N,2022-08-11 09:15:40,2022-08-11 09:15:40
S063,人工操作作業,N,2022-08-11 09:15:40,2022-08-11 09:15:40
S064,人工操作作業,N,2022-08-11 09:15:40,2022-08-11 09:15:40
S065,人工操作作業,N,2022-08-11 09:15:40,2022-08-11 09:15:40
S066,人工操作作業,N,2022-08-11 09:15:40,2022-08-11 09:15:40
S067,人工操作作業,N,2022-08-11 09:15:40,2022-08-11 09:15:40
S068,人工操作作業,N,2022-08-11 09:15:40,2022-08-11 09:15:40
S069,人工操作作業,N,2022-08-11 09:15:40,2022-08-11 09:15:40
S070,人工操作作業,N,2022-08-11 09:15:40,2022-08-11 09:15:40
S071,人工操作作業,N,2022-08-11 09:15:40,2022-08-11 09:15:40
S072,人工操作作業,N,2022-08-11 09:15:40,2022-08-11 09:15:40
S073,人工操作作業,N,2022-08-11 09:15:40,2022-08-11 09:15:40
S074,人工操作作業,N,2022-08-11 09:15:40,2022-08-11 09:15:40
S075,人工操作作業,N,2022-08-11 09:15:40,2022-08-11 09:15:40
S076,人工操作作業,N,2022-08-11 09:15:40,2022-08-11 09:15:40
S077,人工操作作業,N,2022-08-11 09:15:40,2022-08-11 09:15:40
S078,人工操作作業,N,2022-08-11 09:15:40,2022-08-11 09:15:40
S079,人工操作作業,N,2022-08-11 09:15:40,2022-08-11 09:15:40
S080,人工操作作業,N,2022-08-11 09:15:40,2022-08-11 09:15:40
S081,人工操作作業,N,2022-08-11 09:15:40,2022-08-11 09:15:40
S082,人工操作作業,N,2022-08-11 09:15:40,2022-08-11 09:15:40
S083,人工操作作業,N,2022-08-11 09:15:40,2022-08-11 09:15:40
S084,人工操作作業,N,2022-08-11 09:15:40,2022-08-11 09:15:40
S085,人工操作作業,N,2022-08-11 09:15:40,2022-08-11 09:15:40
S086,人工操作作業,N,2022-08-11 09:15:40,2022-08-11 09:15:40
S087,人工操作作業,N,2022-08-11 09:15:40,2022-08-11 09:15:40
S088,人工操作作業,N,2022-08-11 09:15:40,2022-08-11 09:15:40
S089,人工操作作業,N,2022-08-11 09:15:40,2022-08-11 09:15:40
S090,人工操作作業,N,2022-08-11 09:15:40,2022-08-11 09:15:40
S091,人工操作作業,N,2022-08-11 09:15:40,2022-08-11 09:15:40
S092,人工操作作業,N,2022-08-11 09:15:40,2022-08-11 09:15:40
S093,人工操作作業,N,2022-08-11 09:15:40,2022-08-11 09:15:40
S094,人工操作作業,N,2022-08-11 09:15:40,2022-08-11 09:15:40
S095,人工操作作業,N,2022-08-11 09:15:40,2022-08-11 09:15:40
S096,人工操作作業,N,2022-08-11 09:15:40,2022-08-11 09:15:40
S097,人工操作作業,N,2022-08-11 09:15:40,2022-08-11 09:15:40
S098,人工操作作業,N,2022-08-11 09:15:40,2022-08-11 09:15:40
S099,人工操作作業,N,2022-08-11 09:15:40,2022-08-11 09:15:40
S1,委外製程,N,2022-08-11 09:15:40,2022-08-11 09:15:40
S100,人工操作作業,N,2022-08-11 09:15:40,2022-08-11 09:15:40
S101,人工操作作業,N,2022-08-11 09:15:40,2022-08-11 09:15:40
S102,人工操作作業,N,2022-08-11 09:15:40,2022-08-11 09:15:40
S103,人工操作作業,N,2022-08-11 09:15:40,2022-08-11 09:15:40
S104,人工操作作業,N,2022-08-11 09:15:40,2022-08-11 09:15:40
S105,人工操作作業,N,2022-08-11 09:15:40,2022-08-11 09:15:40
S106,人工操作作業,N,2022-08-11 09:15:40,2022-08-11 09:15:40
S107,人工操作作業,N,2022-08-11 09:15:40,2022-08-11 09:15:40
S108,人工操作作業,N,2022-08-11 09:15:40,2022-08-11 09:15:40
S109,人工操作作業,N,2022-08-11 09:15:40,2022-08-11 09:15:40
S110,人工操作作業,N,2022-08-11 09:15:40,2022-08-11 09:15:40
S111,人工操作作業,N,2022-08-11 09:15:40,2022-08-11 09:15:40
S112,人工操作作業,N,2022-08-11 09:15:40,2022-08-11 09:15:40
S113,人工操作作業,N,2022-08-11 09:15:40,2022-08-11 09:15:40
S114,人工操作作業,N,2022-08-11 09:15:40,2022-08-11 09:15:40
S115,人工操作作業,N,2022-08-11 09:15:40,2022-08-11 09:15:40
S116,人工操作作業,N,2022-08-11 09:15:40,2022-08-11 09:15:40
S117,人工操作作業,N,2022-08-11 09:15:40,2022-08-11 09:15:40
S118,人工操作作業,N,2022-08-11 09:15:40,2022-08-11 09:15:40
S119,人工操作作業,N,2022-08-11 09:15:40,2022-08-11 09:15:40
S120,機器作業,N,2022-08-11 09:15:40,2022-08-11 09:15:40
S121,人工操作作業,N,2022-08-11 09:15:40,2022-08-11 09:15:40
S122,人工操作作業,N,2022-08-11 09:15:40,2022-08-11 09:15:40
S123,機器作業,N,2022-08-11 09:15:40,2022-08-11 09:15:40
S124,機器作業,N,2022-08-11 09:15:40,2022-08-11 09:15:40
S125,人工操作作業,N,2022-08-11 09:15:40,2022-08-11 09:15:40
S126,人工操作作業,N,2022-08-11 09:15:40,2022-08-11 09:15:40
S127,人工操作作業,N,2022-08-11 09:15:40,2022-08-11 09:15:40
S128,人工操作作業,N,2022-08-11 09:15:40,2022-08-11 09:15:40
S129,人工操作作業,N,2022-08-11 09:15:40,2022-08-11 09:15:40
S130,人工操作作業,N,2022-08-11 09:15:40,2022-08-11 09:15:40
S131,人工操作作業,N,2022-08-11 09:15:40,2022-08-11 09:15:40
S132,人工操作作業,N,2022-08-11 09:15:40,2022-08-11 09:15:40
S133,人工操作作業,N,2022-08-11 09:15:40,2022-08-11 09:15:40
S134,人工操作作業,N,2022-08-11 09:15:40,2022-08-11 09:15:40
S135,人工操作作業,N,2022-08-11 09:15:40,2022-08-11 09:15:40
S136,人工操作作業,N,2022-08-11 09:15:40,2022-08-11 09:15:40
S137,人工操作作業,N,2022-08-11 09:15:40,2022-08-11 09:15:40
S138,人工操作作業,N,2022-08-11 09:15:40,2022-08-11 09:15:40
S139,人工操作作業,N,2022-08-11 09:15:40,2022-08-11 09:15:40
S140,人工操作作業,N,2022-08-11 09:15:40,2022-08-11 09:15:40
S141,人工操作作業,N,2022-08-11 09:15:40,2022-08-11 09:15:40
S142,人工操作作業,N,2022-08-11 09:15:40,2022-08-11 09:15:40
S143,人工操作作業,N,2022-08-11 09:15:40,2022-08-11 09:15:40
S144,人工操作作業,N,2022-08-11 09:15:40,2022-08-11 09:15:40
S145,人工操作作業,N,2022-08-11 09:15:40,2022-08-11 09:15:40
S146,人工操作作業,N,2022-08-11 09:15:40,2022-08-11 09:15:40
S147,人工操作作業,N,2022-08-11 09:15:40,2022-08-11 09:15:40
S148,人工操作作業,N,2022-08-11 09:15:40,2022-08-11 09:15:40
S149,人工操作作業,N,2022-08-11 09:15:40,2022-08-11 09:15:40
S150,人工操作作業,N,2022-08-11 09:15:40,2022-08-11 09:15:40
S151,人工操作作業,N,2022-08-11 09:15:40,2022-08-11 09:15:40
S152,人工操作作業,N,2022-08-11 09:15:40,2022-08-11 09:15:40
S153,人工操作作業,N,2022-08-11 09:15:40,2022-08-11 09:15:40
S154,人工操作作業,N,2022-08-11 09:15:40,2022-08-11 09:15:40
S155,人工操作作業,N,2022-08-11 09:15:40,2022-08-11 09:15:40
S156,人工操作作業,N,2022-08-11 09:15:40,2022-08-11 09:15:40
S157,人工操作作業,N,2022-08-11 09:15:40,2022-08-11 09:15:40
S158,人工操作作業,N,2022-08-11 09:15:40,2022-08-11 09:15:40
S159,人工操作作業,N,2022-08-11 09:15:40,2022-08-11 09:15:40
S160,人工操作作業,N,2022-08-11 09:15:40,2022-08-11 09:15:40
S161,人工操作作業,N,2022-08-11 09:15:40,2022-08-11 09:15:40
S162,人工操作作業,N,2022-08-11 09:15:40,2022-08-11 09:15:40
S163,人工操作作業,N,2022-08-11 09:15:40,2022-08-11 09:15:40
S164,人工操作作業,N,2022-08-11 09:15:40,2022-08-11 09:15:40
S165,人工操作作業,N,2022-08-11 09:15:40,2022-08-11 09:15:40
S166,人工操作作業,N,2022-08-11 09:15:40,2022-08-11 09:15:40
S167,人工操作作業,N,2022-08-11 09:15:40,2022-08-11 09:15:40
S168,人工操作作業,N,2022-08-11 09:15:40,2022-08-11 09:15:40
S169,人工操作作業,N,2022-08-11 09:15:40,2022-08-11 09:15:40
S170,人工操作作業,N,2022-08-11 09:15:40,2022-08-11 09:15:40
S171,人工操作作業,N,2022-08-11 09:15:40,2022-08-11 09:15:40
S172,人工操作作業,N,2022-08-11 09:15:40,2022-08-11 09:15:40
S173,人工操作作業,N,2022-08-11 09:15:40,2022-08-11 09:15:40
S174,人工操作作業,N,2022-08-11 09:15:40,2022-08-11 09:15:40
S175,人工操作作業,N,2022-08-11 09:15:40,2022-08-11 09:15:40
S176,人工操作作業,N,2022-08-11 09:15:40,2022-08-11 09:15:40
S177,人工操作作業,N,2022-08-11 09:15:40,2022-08-11 09:15:40
S178,人工操作作業,N,2022-08-11 09:15:40,2022-08-11 09:15:40
S179,人工操作作業,N,2022-08-11 09:15:40,2022-08-11 09:15:40
S180,人工操作作業,N,2022-08-11 09:15:40,2022-08-11 09:15:40
S181,人工操作作業,N,2022-08-11 09:15:40,2022-08-11 09:15:40
S182,人工操作作業,N,2022-08-11 09:15:40,2022-08-11 09:15:40
S183,人工操作作業,N,2022-08-11 09:15:40,2022-08-11 09:15:40
S184,人工操作作業,N,2022-08-11 09:15:40,2022-08-11 09:15:40
S185,人工操作作業,N,2022-08-11 09:15:40,2022-08-11 09:15:40
S186,人工操作作業,N,2022-08-11 09:15:40,2022-08-11 09:15:40
S187,人工操作作業,N,2022-08-11 09:15:40,2022-08-11 09:15:40
S188,人工操作作業,N,2022-08-11 09:15:40,2022-08-11 09:15:40
S189,人工操作作業,N,2022-08-11 09:15:40,2022-08-11 09:15:40
S190,人工操作作業,N,2022-08-11 09:15:40,2022-08-11 09:15:40
S191,人工操作作業,N,2022-08-11 09:15:40,2022-08-11 09:15:40
S192,人工操作作業,N,2022-08-11 09:15:40,2022-08-11 09:15:40
S193,人工操作作業,N,2022-08-11 09:15:40,2022-08-11 09:15:40
S194,人工操作作業,N,2022-08-11 09:15:40,2022-08-11 09:15:40
S195,人工操作作業,N,2022-08-11 09:15:40,2022-08-11 09:15:40
S196,人工操作作業,N,2022-08-11 09:15:40,2022-08-11 09:15:40
S197,人工操作作業,N,2022-08-11 09:15:40,2022-08-11 09:15:40
S198,人工操作作業,N,2022-08-11 09:15:40,2022-08-11 09:15:40
S199,人工操作作業,N,2022-08-11 09:15:40,2022-08-11 09:15:40
S200,人工操作作業,N,2022-08-11 09:15:40,2022-08-11 09:15:40
S201,人工操作作業,N,2022-08-11 09:15:40,2022-08-11 09:15:40
S202,人工操作作業,N,2022-08-11 09:15:40,2022-08-11 09:15:40
S203,人工操作作業,N,2022-08-11 09:15:40,2022-08-11 09:15:40
S204,人工操作作業,N,2022-08-11 09:15:40,2022-08-11 09:15:40
S205,人工操作作業,N,2022-08-11 09:15:40,2022-08-11 09:15:40
S206,人工操作作業,N,2022-08-11 09:15:40,2022-08-11 09:15:40
S207,人工操作作業,N,2022-08-11 09:15:40,2022-08-11 09:15:40
S208,人工操作作業,N,2022-08-11 09:15:40,2022-08-11 09:15:40
S209,人工操作作業,N,2022-08-11 09:15:40,2022-08-11 09:15:40
S210,人工操作作業,N,2022-08-11 09:15:40,2022-08-11 09:15:40
S211,人工操作作業,N,2022-08-11 09:15:40,2022-08-11 09:15:40
S212,人工操作作業,N,2022-08-11 09:15:40,2022-08-11 09:15:40
S213,人工操作作業,N,2022-08-11 09:15:40,2022-08-11 09:15:40
S214,人工操作作業,N,2022-08-11 09:15:40,2022-08-11 09:15:40
S215,人工操作作業,N,2022-08-11 09:15:40,2022-08-11 09:15:40
S216,人工操作作業,N,2022-08-11 09:15:40,2022-08-11 09:15:40
S217,人工操作作業,N,2022-08-11 09:15:40,2022-08-11 09:15:40
S218,人工操作作業,N,2022-08-11 09:15:40,2022-08-11 09:15:40
S219,人工操作作業,N,2022-08-11 09:15:40,2022-08-11 09:15:40
S220,人工操作作業,N,2022-08-11 09:15:40,2022-08-11 09:15:40
S221,人工操作作業,N,2022-08-11 09:15:40,2022-08-11 09:15:40
S222,人工操作作業,N,2022-08-11 09:15:40,2022-08-11 09:15:40
S223,人工操作作業,N,2022-08-11 09:15:40,2022-08-11 09:15:40
S224,人工操作作業,N,2022-08-11 09:15:40,2022-08-11 09:15:40
S225,人工操作作業,N,2022-08-11 09:15:40,2022-08-11 09:15:40
S226,人工操作作業,N,2022-08-11 09:15:40,2022-08-11 09:15:40
S227,人工操作作業,N,2022-08-11 09:15:40,2022-08-11 09:15:40
S228,人工操作作業,N,2022-08-11 09:15:40,2022-08-11 09:15:40
S229,人工操作作業,N,2022-08-11 09:15:40,2022-08-11 09:15:40
S230,人工操作作業,N,2022-08-11 09:15:40,2022-08-11 09:15:40
S231,人工操作作業,N,2022-08-11 09:15:40,2022-08-11 09:15:40
S232,人工操作作業,N,2022-08-11 09:15:40,2022-08-11 09:15:40
S233,人工操作作業,N,2022-08-11 09:15:40,2022-08-11 09:15:40
S234,人工操作作業,N,2022-08-11 09:15:40,2022-08-11 09:15:40
S235,人工操作作業,N,2022-08-11 09:15:40,2022-08-11 09:15:40
S236,人工操作作業,N,2022-08-11 09:15:40,2022-08-11 09:15:40
S237,人工操作作業,N,2022-08-11 09:15:40,2022-08-11 09:15:40
S238,人工操作作業,N,2022-08-11 09:15:40,2022-08-11 09:15:40
S239,人工操作作業,N,2022-08-11 09:15:40,2022-08-11 09:15:40
S240,人工操作作業,N,2022-08-11 09:15:40,2022-08-11 09:15:40
S241,人工操作作業,N,2022-08-11 09:15:40,2022-08-11 09:15:40
S242,人工操作作業,N,2022-08-11 09:15:40,2022-08-11 09:15:40
S243,人工操作作業,N,2022-08-11 09:15:40,2022-08-11 09:15:40
S244,人工操作作業,N,2022-08-11 09:15:40,2022-08-11 09:15:40
S245,人工操作作業,N,2022-08-11 09:15:40,2022-08-11 09:15:40
S246,人工操作作業,N,2022-08-11 09:15:40,2022-08-11 09:15:40
S247,人工操作作業,N,2022-08-11 09:15:40,2022-08-11 09:15:40
S248,人工操作作業,N,2022-08-11 09:15:40,2022-08-11 09:15:40
S249,人工操作作業,N,2022-08-11 09:15:40,2022-08-11 09:15:40
S250,人工操作作業,N,2022-08-11 09:15:40,2022-08-11 09:15:40
S251,人工操作作業,N,2022-08-11 09:15:40,2022-08-11 09:15:40
S252,人工操作作業,N,2022-08-11 09:15:40,2022-08-11 09:15:40
S253,人工操作作業,N,2022-08-11 09:15:40,2022-08-11 09:15:40
S254,人工操作作業,N,2022-08-11 09:15:40,2022-08-11 09:15:40
S255,人工操作作業,N,2022-08-11 09:15:40,2022-08-11 09:15:40
S256,人工操作作業,N,2022-08-11 09:15:40,2022-08-11 09:15:40
S257,人工操作作業,N,2022-08-11 09:15:40,2022-08-11 09:15:40
S258,人工操作作業,N,2022-08-11 09:15:40,2022-08-11 09:15:40
S259,人工操作作業,N,2022-08-11 09:15:40,2022-08-11 09:15:40
S260,人工操作作業,N,2022-08-11 09:15:40,2022-08-11 09:15:40
S261,人工操作作業,N,2022-08-11 09:15:40,2022-08-11 09:15:40
S262,人工操作作業,N,2022-08-11 09:15:40,2022-08-11 09:15:40
S263,人工操作作業,N,2022-08-11 09:15:40,2022-08-11 09:15:40
S264,人工操作作業,N,2022-08-11 09:15:40,2022-08-11 09:15:40
S265,人工操作作業,N,2022-08-11 09:15:40,2022-08-11 09:15:40
S266,人工操作作業,N,2022-08-11 09:15:40,2022-08-11 09:15:40
S267,人工操作作業,N,2022-08-11 09:15:40,2022-08-11 09:15:40
S268,人工操作作業,N,2022-08-11 09:15:40,2022-08-11 09:15:40
S269,人工操作作業,N,2022-08-11 09:15:40,2022-08-11 09:15:40
S270,人工操作作業,N,2022-08-11 09:15:40,2022-08-11 09:15:40
S271,人工操作作業,N,2022-08-11 09:15:40,2022-08-11 09:15:40
S272,人工操作作業,N,2022-08-11 09:15:40,2022-08-11 09:15:40
S273,人工操作作業,N,2022-08-11 09:15:40,2022-08-11 09:15:40
S274,人工操作作業,N,2022-08-11 09:15:40,2022-08-11 09:15:40
S275,人工操作作業,N,2022-08-11 09:15:40,2022-08-11 09:15:40
S276,人工操作作業,N,2022-08-11 09:15:40,2022-08-11 09:15:40
S277,人工操作作業,N,2022-08-11 09:15:40,2022-08-11 09:15:40
S278,人工操作作業,N,2022-08-11 09:15:40,2022-08-11 09:15:40
S279,人工操作作業,N,2022-08-11 09:15:40,2022-08-11 09:15:40
S280,人工操作作業,N,2022-08-11 09:15:40,2022-08-11 09:15:40
S281,人工操作作業,N,2022-08-11 09:15:40,2022-08-11 09:15:40
S282,人工操作作業,N,2022-08-11 09:15:40,2022-08-11 09:15:40
S283,人工操作作業,N,2022-08-11 09:15:40,2022-08-11 09:15:40
S284,人工操作作業,N,2022-08-11 09:15:40,2022-08-11 09:15:40
S285,人工操作作業,N,2022-08-11 09:15:40,2022-08-11 09:15:40
S286,人工操作作業,N,2022-08-11 09:15:40,2022-08-11 09:15:40
S287,人工操作作業,N,2022-08-11 09:15:40,2022-08-11 09:15:40
S288,人工操作作業,N,2022-08-11 09:15:40,2022-08-11 09:15:40
S289,人工操作作業,N,2022-08-11 09:15:40,2022-08-11 09:15:40
S290,人工操作作業,N,2022-08-11 09:15:40,2022-08-11 09:15:40
S291,人工操作作業,N,2022-08-11 09:15:40,2022-08-11 09:15:40
S292,人工操作作業,N,2022-08-11 09:15:40,2022-08-11 09:15:40
S293,人工操作作業,N,2022-08-11 09:15:40,2022-08-11 09:15:40
S294,人工操作作業,N,2022-08-11 09:15:40,2022-08-11 09:15:40
S295,人工操作作業,N,2022-08-11 09:15:40,2022-08-11 09:15:40
S296,人工操作作業,N,2022-08-11 09:15:40,2022-08-11 09:15:40
S297,人工操作作業,N,2022-08-11 09:15:40,2022-08-11 09:15:40
S298,人工操作作業,N,2022-08-11 09:15:40,2022-08-11 09:15:40
S299,人工操作作業,N,2022-08-11 09:15:40,2022-08-11 09:15:40
S300,人工操作作業,N,2022-08-11 09:15:40,2022-08-11 09:15:40
S301,人工操作作業,N,2022-08-11 09:15:40,2022-08-11 09:15:40
S302,人工操作作業,N,2022-08-11 09:15:40,2022-08-11 09:15:40
S303,人工操作作業,N,2022-08-11 09:15:40,2022-08-11 09:15:40
S304,人工操作作業,N,2022-08-11 09:15:40,2022-08-11 09:15:40
S305,人工操作作業,N,2022-08-11 09:15:40,2022-08-11 09:15:40
S306,人工操作作業,N,2022-08-11 09:15:40,2022-08-11 09:15:40
S307,人工操作作業,N,2022-08-11 09:15:40,2022-08-11 09:15:40
S308,人工操作作業,N,2022-08-11 09:15:40,2022-08-11 09:15:40
S309,人工操作作業,N,2022-08-11 09:15:40,2022-08-11 09:15:40
S310,人工操作作業,N,2022-08-11 09:15:40,2022-08-11 09:15:40
S311,人工操作作業,N,2022-08-11 09:15:40,2022-08-11 09:15:40
S312,人工操作作業,N,2022-08-11 09:15:40,2022-08-11 09:15:40
S313,人工操作作業,N,2022-08-11 09:15:40,2022-08-11 09:15:40
S314,人工操作作業,N,2022-08-11 09:15:40,2022-08-11 09:15:40
S315,人工操作作業,N,2022-08-11 09:15:40,2022-08-11 09:15:40
S316,虛擬件作業,N,2022-08-11 09:15:40,2022-08-11 09:15:40
S317,人工操作作業,N,2022-08-11 09:15:40,2022-08-11 09:15:40
S318,虛擬件作業,N,2022-08-11 09:15:40,2022-08-11 09:15:40
S319,人工操作作業,N,2022-08-11 09:15:40,2022-08-11 09:15:40
S320,人工操作作業,N,2022-08-11 09:15:40,2022-08-11 09:15:40
S321,人工操作作業,N,2022-08-11 09:15:40,2022-08-11 09:15:40
S322,人工操作作業,N,2022-08-11 09:15:40,2022-08-11 09:15:40
S323,人工操作作業,N,2022-08-11 09:15:40,2022-08-11 09:15:40
S324,人工操作作業,N,2022-08-11 09:15:40,2022-08-11 09:15:40
S325,人工操作作業,N,2022-08-11 09:15:40,2022-08-11 09:15:40
S326,人工操作作業,N,2022-08-11 09:15:40,2022-08-11 09:15:40
S327,人工操作作業,N,2022-08-11 09:15:40,2022-08-11 09:15:40
S328,人工操作作業,N,2022-08-11 09:15:40,2022-08-11 09:15:40
S329,虛擬件作業,N,2022-08-11 09:15:40,2022-08-11 09:15:40
S330,虛擬件作業,N,2022-08-11 09:15:40,2022-08-11 09:15:40
S331,人工操作作業,N,2022-08-11 09:15:40,2022-08-11 09:15:40
S332,人工操作作業,N,2022-08-11 09:15:40,2022-08-11 09:15:40
S333,人工操作作業,N,2022-08-11 09:15:40,2022-08-11 09:15:40
S334,虛擬件作業,N,2022-08-11 09:15:40,2022-08-11 09:15:40
S335,人工操作作業,N,2022-08-11 09:15:40,2022-08-11 09:15:40
S336,人工操作作業,N,2022-08-11 09:15:40,2022-08-11 09:15:40
S337,人工操作作業,N,2022-08-11 09:15:40,2022-08-11 09:15:40
S338,人工操作作業,N,2022-08-11 09:15:40,2022-08-11 09:15:40
S339,人工操作作業,N,2022-08-11 09:15:40,2022-08-11 09:15:40
S340,人工操作作業,N,2022-08-11 09:15:40,2022-08-11 09:15:40
S341,人工操作作業,N,2022-08-11 09:15:40,2022-08-11 09:15:40
S342,人工操作作業,N,2022-08-11 09:15:40,2022-08-11 09:15:40
S343,人工操作作業,N,2022-08-11 09:15:40,2022-08-11 09:15:40
S344,人工操作作業,N,2022-08-11 09:15:40,2022-08-11 09:15:40
S345,人工操作作業,N,2022-08-11 09:15:40,2022-08-11 09:15:40
S346,人工操作作業,N,2022-08-11 09:15:40,2022-08-11 09:15:40
S347,人工操作作業,N,2022-08-11 09:15:40,2022-08-11 09:15:40
S348,人工操作作業,N,2022-08-11 09:15:40,2022-08-11 09:15:40
S349,人工操作作業,N,2022-08-11 09:15:40,2022-08-11 09:15:40
S350,人工操作作業,N,2022-08-11 09:15:40,2022-08-11 09:15:40
S351,人工操作作業,N,2022-08-11 09:15:40,2022-08-11 09:15:40
S352,人工操作作業,N,2022-08-11 09:15:40,2022-08-11 09:15:40
S355,人工操作作業,N,2022-08-11 09:15:40,2022-08-11 09:15:40
S356,人工操作作業,N,2022-08-11 09:15:40,2022-08-11 09:15:40
S360,人工操作作業,N,2022-08-11 09:15:40,2022-08-11 09:15:40
S361,人工操作作業,N,2022-08-11 09:15:40,2022-08-11 09:15:40
S362,人工操作作業,N,2022-08-11 09:15:40,2022-08-11 09:15:40
S363,人工操作作業,N,2022-08-11 09:15:40,2022-08-11 09:15:40
S364,人工操作作業,N,2022-08-11 09:15:40,2022-08-11 09:15:40
S365,人工操作作業,N,2022-08-11 09:15:40,2022-08-11 09:15:40
S366,人工操作作業,N,2022-08-11 09:15:40,2022-08-11 09:15:40
S367,人工操作作業,N,2022-08-11 09:15:40,2022-08-11 09:15:40
S391,機器作業,N,2022-08-11 09:15:40,2022-08-11 09:15:40
S392,機器作業,N,2022-08-11 09:15:40,2022-08-11 09:15:40
S393,機器作業,N,2022-08-11 09:15:40,2022-08-11 09:15:40
S394,機器作業,N,2022-08-11 09:15:40,2022-08-11 09:15:40
S395,人工操作作業,N,2022-08-11 09:15:40,2022-08-11 09:15:40
S396,人工操作作業,N,2022-08-11 09:15:40,2022-08-11 09:15:40
S397,人工操作作業,N,2022-08-11 09:15:40,2022-08-11 09:15:40
S398,機器作業,N,2022-08-11 09:15:40,2022-08-11 09:15:40
S399,人工操作作業,N,2022-08-11 09:15:40,2022-08-11 09:15:40
S400,機器作業,N,2022-08-11 09:15:40,2022-08-11 09:15:40
S401,人工操作作業,N,2022-08-11 09:15:40,2022-08-11 09:15:40
S402,機器作業,N,2022-08-11 09:15:40,2022-08-11 09:15:40
S403,人工操作作業,N,2022-08-11 09:15:40,2022-08-11 09:15:40
S404,機器作業,N,2022-08-11 09:15:40,2022-08-11 09:15:40
S405,機器作業,N,2022-08-11 09:15:40,2022-08-11 09:15:40
S406,機器作業,N,2022-08-11 09:15:40,2022-08-11 09:15:40
T010,自動下料,N,2022-08-11 09:15:40,2022-08-11 09:15:40
T011,尾料下料-1,N,2022-08-11 09:15:40,2022-08-11 09:15:40
T012,單截下料,N,2022-08-11 09:15:40,2022-08-11 09:15:40
T013,斜切截管,N,2022-08-11 09:15:40,2022-08-11 09:15:40
T014,輪管下料-1,N,2022-08-11 09:15:40,2022-08-11 09:15:40
T015,手輪滾圓-1,N,2022-08-11 09:15:40,2022-08-11 09:15:40
T016,手輪切管-1,N,2022-08-11 09:15:40,2022-08-11 09:15:40
T018,雷射切管機-1,N,2022-08-11 09:15:40,2022-08-11 09:15:40
T019,脫脂清洗-1,N,2022-08-11 09:15:40,2022-08-11 09:15:40
T020,自動倒角,N,2022-08-11 09:15:40,2022-08-11 09:15:40
T021,手動單倒,N,2022-08-11 09:15:40,2022-08-11 09:15:40
T022,手動雙倒,N,2022-08-11 09:15:40,2022-08-11 09:15:40
T030,自動馬鞍-1,N,2022-08-11 09:15:40,2022-08-11 09:15:40
T031,手動馬鞍-1,N,2022-08-11 09:15:40,2022-08-11 09:15:40
T032,縮管(擴孔),N,2022-08-11 09:15:40,2022-08-11 09:15:40
T033,手動擴管,N,2022-08-11 09:15:40,2022-08-11 09:15:40
T034,氣動研磨,N,2022-08-11 09:15:40,2022-08-11 09:15:40
T040,一次成型-1,N,2022-08-11 09:15:40,2022-08-11 09:15:40
T041,沖床1號作業,N,2022-08-11 09:15:40,2022-08-11 09:15:40
T042,沖床2號作業,N,2022-08-11 09:15:40,2022-08-11 09:15:40
T043,沖床3號作業,N,2022-08-11 09:15:40,2022-08-11 09:15:40
T044,沖床4號作業,N,2022-08-11 09:15:40,2022-08-11 09:15:40
T045,沖床5號作業,N,2022-08-11 09:15:40,2022-08-11 09:15:40
T046,沖床6號作業,N,2022-08-11 09:15:40,2022-08-11 09:15:40
T047,沖床7號作業,N,2022-08-11 09:15:40,2022-08-11 09:15:40
T048,沖R切嘴,N,2022-08-11 09:15:40,2022-08-11 09:15:40
T049,焊接件沖孔,N,2022-08-11 09:15:40,2022-08-11 09:15:40
T050,30型CNC彎管,N,2022-08-11 09:15:40,2022-08-11 09:15:40
T051,單軸單彎,N,2022-08-11 09:15:40,2022-08-11 09:15:40
T052,雙軸單彎-1,N,2022-08-11 09:15:40,2022-08-11 09:15:40
T053,雙軸雙彎-1,N,2022-08-11 09:15:40,2022-08-11 09:15:40
T054,油壓切嘴(1),N,2022-08-11 09:15:40,2022-08-11 09:15:40
T055,油壓切嘴(2),N,2022-08-11 09:15:40,2022-08-11 09:15:40
T056,氣動磨內角１,N,2022-08-11 09:15:40,2022-08-11 09:15:40
T057,氣動磨內角2,N,2022-08-11 09:15:40,2022-08-11 09:15:40
T058,夾傷研磨,N,2022-08-11 09:15:40,2022-08-11 09:15:40
T059,車床加工,N,2022-08-11 09:15:40,2022-08-11 09:15:40
T060,單軸鑽孔,N,2022-08-11 09:15:40,2022-08-11 09:15:40
T061,多軸鑽孔,N,2022-08-11 09:15:40,2022-08-11 09:15:40
T062,多軸流鑽,N,2022-08-11 09:15:40,2022-08-11 09:15:40
T063,攻牙加工,N,2022-08-11 09:15:40,2022-08-11 09:15:40
T064,鑽孔倒角,N,2022-08-11 09:15:40,2022-08-11 09:15:40
T065,單銑R機,N,2022-08-11 09:15:40,2022-08-11 09:15:40
T066,車架片鑽孔-1,N,2022-08-11 09:15:40,2022-08-11 09:15:40
T067,CNC 銑床,N,2022-08-11 09:15:40,2022-08-11 09:15:40
T068,手動雙切R,N,2022-08-11 09:15:40,2022-08-11 09:15:40
T069,手動雙馬鞍-1,N,2022-08-11 09:15:40,2022-08-11 09:15:40
T070,單頭研磨,N,2022-08-11 09:15:40,2022-08-11 09:15:40
T071,雙頭研磨,N,2022-08-11 09:15:40,2022-08-11 09:15:40
T072,手輪碰焊-1,N,2022-08-11 09:15:40,2022-08-11 09:15:40
T073,手輪整圓-1,N,2022-08-11 09:15:40,2022-08-11 09:15:40
T074,校正處理,N,2022-08-11 09:15:40,2022-08-11 09:15:40
T075,銑R加工-1,N,2022-08-11 09:15:40,2022-08-11 09:15:40
T076,銑床加工,N,2022-08-11 09:15:40,2022-08-11 09:15:40
T077,彎管拋光,N,2022-08-11 09:15:40,2022-08-11 09:15:40
T078,直管拋光,N,2022-08-11 09:15:40,2022-08-11 09:15:40
T079,焊接拋光,N,2022-08-11 09:15:40,2022-08-11 09:15:40
T080,其它加工,N,2022-08-11 09:15:40,2022-08-11 09:15:40
T081,備料絞孔,N,2022-08-11 09:15:40,2022-08-11 09:15:40
T082,外包加工,N,2022-08-11 09:15:40,2022-08-11 09:15:40
T083,外包加工(一),N,2022-08-11 09:15:40,2022-08-11 09:15:40
T084,外包加工(二),N,2022-08-11 09:15:40,2022-08-11 09:15:40
T085,整圓,N,2022-08-11 09:15:40,2022-08-11 09:15:40
T086,3D彎管,N,2022-08-11 09:15:40,2022-08-11 09:15:40
T090,CNC 銑床(2),N,2022-08-11 09:15:40,2022-08-11 09:15:40
T091,CNC彎管(2),N,2022-08-11 09:15:40,2022-08-11 09:15:40
T092,沖孔(6),N,2022-08-11 09:15:40,2022-08-11 09:15:40
V001,人工操作作業,N,2022-08-11 09:15:40,2022-08-11 09:15:40
V002,人工操作作業,N,2022-08-11 09:15:40,2022-08-11 09:15:40
V003,人工操作作業,N,2022-08-11 09:15:40,2022-08-11 09:15:40
V004,人工操作作業,N,2022-08-11 09:15:40,2022-08-11 09:15:40
V005,人工操作作業,N,2022-08-11 09:15:40,2022-08-11 09:15:40
V006,人工操作作業,N,2022-08-11 09:15:40,2022-08-11 09:15:40
V007,人工操作作業,N,2022-08-11 09:15:40,2022-08-11 09:15:40
V008,人工操作作業,N,2022-08-11 09:15:40,2022-08-11 09:15:40
V009,人工操作作業,N,2022-08-11 09:15:40,2022-08-11 09:15:40
V010,人工操作作業,N,2022-08-11 09:15:40,2022-08-11 09:15:40
V011,人工操作作業,N,2022-08-11 09:15:40,2022-08-11 09:15:40
V012,人工操作作業,N,2022-08-11 09:15:40,2022-08-11 09:15:40
V013,人工操作作業,N,2022-08-11 09:15:40,2022-08-11 09:15:40
V014,人工操作作業,N,2022-08-11 09:15:40,2022-08-11 09:15:40
V015,人工操作作業,N,2022-08-11 09:15:40,2022-08-11 09:15:40
V016,人工操作作業,N,2022-08-11 09:15:40,2022-08-11 09:15:40
V017,人工操作作業,N,2022-08-11 09:15:40,2022-08-11 09:15:40
V018,人工操作作業,N,2022-08-11 09:15:40,2022-08-11 09:15:40
V019,人工操作作業,N,2022-08-11 09:15:40,2022-08-11 09:15:40
V020,人工操作作業,N,2022-08-11 09:15:40,2022-08-11 09:15:40
V021,人工操作作業,N,2022-08-11 09:15:40,2022-08-11 09:15:40
V022,人工操作作業,N,2022-08-11 09:15:40,2022-08-11 09:15:40
V023,人工操作作業,N,2022-08-11 09:15:40,2022-08-11 09:15:40
V024,人工操作作業,N,2022-08-11 09:15:40,2022-08-11 09:15:40
V025,人工操作作業,N,2022-08-11 09:15:40,2022-08-11 09:15:40
V026,人工操作作業,N,2022-08-11 09:15:40,2022-08-11 09:15:40
V027,人工操作作業,N,2022-08-11 09:15:40,2022-08-11 09:15:40
V028,人工操作作業,N,2022-08-11 09:15:40,2022-08-11 09:15:40
V029,人工操作作業,N,2022-08-11 09:15:40,2022-08-11 09:15:40
V030,人工操作作業,N,2022-08-11 09:15:40,2022-08-11 09:15:40
V031,人工操作作業,N,2022-08-11 09:15:40,2022-08-11 09:15:40
V032,人工操作作業,N,2022-08-11 09:15:40,2022-08-11 09:15:40
V033,人工操作作業,N,2022-08-11 09:15:40,2022-08-11 09:15:40
V034,人工操作作業,N,2022-08-11 09:15:40,2022-08-11 09:15:40
V035,人工操作作業,N,2022-08-11 09:15:40,2022-08-11 09:15:40
V036,人工操作作業,N,2022-08-11 09:15:40,2022-08-11 09:15:40
V037,人工操作作業,N,2022-08-11 09:15:40,2022-08-11 09:15:40
V038,人工操作作業,N,2022-08-11 09:15:40,2022-08-11 09:15:40
V039,人工操作作業,N,2022-08-11 09:15:40,2022-08-11 09:15:40
V040,人工操作作業,N,2022-08-11 09:15:40,2022-08-11 09:15:40
V041,人工操作作業,N,2022-08-11 09:15:40,2022-08-11 09:15:40
V042,人工操作作業,N,2022-08-11 09:15:40,2022-08-11 09:15:40
V043,人工操作作業,N,2022-08-11 09:15:40,2022-08-11 09:15:40
V044,人工操作作業,N,2022-08-11 09:15:40,2022-08-11 09:15:40
V045,人工操作作業,N,2022-08-11 09:15:40,2022-08-11 09:15:40
V046,人工操作作業,N,2022-08-11 09:15:40,2022-08-11 09:15:40
V047,人工操作作業,N,2022-08-11 09:15:40,2022-08-11 09:15:40
V048,人工操作作業,N,2022-08-11 09:15:40,2022-08-11 09:15:40
V049,人工操作作業,N,2022-08-11 09:15:40,2022-08-11 09:15:40
V050,人工操作作業,N,2022-08-11 09:15:40,2022-08-11 09:15:40
V051,人工操作作業,N,2022-08-11 09:15:40,2022-08-11 09:15:40
V052,人工操作作業,N,2022-08-11 09:15:40,2022-08-11 09:15:40
V053,人工操作作業,N,2022-08-11 09:15:40,2022-08-11 09:15:40
V054,人工操作作業,N,2022-08-11 09:15:40,2022-08-11 09:15:40
V055,人工操作作業,N,2022-08-11 09:15:40,2022-08-11 09:15:40
V056,人工操作作業,N,2022-08-11 09:15:40,2022-08-11 09:15:40
V057,人工操作作業,N,2022-08-11 09:15:40,2022-08-11 09:15:40
V058,人工操作作業,N,2022-08-11 09:15:40,2022-08-11 09:15:40
V059,人工操作作業,N,2022-08-11 09:15:40,2022-08-11 09:15:40
V060,人工操作作業,N,2022-08-11 09:15:40,2022-08-11 09:15:40
V061,人工操作作業,N,2022-08-11 09:15:40,2022-08-11 09:15:40
V062,人工操作作業,N,2022-08-11 09:15:40,2022-08-11 09:15:40
V063,人工操作作業,N,2022-08-11 09:15:40,2022-08-11 09:15:40
V064,人工操作作業,N,2022-08-11 09:15:40,2022-08-11 09:15:40
V065,人工操作作業,N,2022-08-11 09:15:40,2022-08-11 09:15:40
V066,人工操作作業,N,2022-08-11 09:15:40,2022-08-11 09:15:40
V067,人工操作作業,N,2022-08-11 09:15:40,2022-08-11 09:15:40
V068,人工操作作業,N,2022-08-11 09:15:40,2022-08-11 09:15:40
V069,人工操作作業,N,2022-08-11 09:15:40,2022-08-11 09:15:40
V070,人工操作作業,N,2022-08-11 09:15:40,2022-08-11 09:15:40
V071,人工操作作業,N,2022-08-11 09:15:40,2022-08-11 09:15:40
V072,人工操作作業,N,2022-08-11 09:15:40,2022-08-11 09:15:40
V073,人工操作作業,N,2022-08-11 09:15:40,2022-08-11 09:15:40
V074,人工操作作業,N,2022-08-11 09:15:40,2022-08-11 09:15:40
V075,人工操作作業,N,2022-08-11 09:15:40,2022-08-11 09:15:40
V076,人工操作作業,N,2022-08-11 09:15:40,2022-08-11 09:15:40
V077,人工操作作業,N,2022-08-11 09:15:40,2022-08-11 09:15:40
V078,人工操作作業,N,2022-08-11 09:15:40,2022-08-11 09:15:40
V079,人工操作作業,N,2022-08-11 09:15:40,2022-08-11 09:15:40
V080,人工操作作業,N,2022-08-11 09:15:40,2022-08-11 09:15:40
V081,人工操作作業,N,2022-08-11 09:15:40,2022-08-11 09:15:40
V082,人工操作作業,N,2022-08-11 09:15:40,2022-08-11 09:15:40
V083,人工操作作業,N,2022-08-11 09:15:40,2022-08-11 09:15:40
V084,人工操作作業,N,2022-08-11 09:15:40,2022-08-11 09:15:40
V085,人工操作作業,N,2022-08-11 09:15:40,2022-08-11 09:15:40
V086,人工操作作業,N,2022-08-11 09:15:40,2022-08-11 09:15:40
V087,人工操作作業,N,2022-08-11 09:15:40,2022-08-11 09:15:40
V088,人工操作作業,N,2022-08-11 09:15:40,2022-08-11 09:15:40
V089,人工操作作業,N,2022-08-11 09:15:40,2022-08-11 09:15:40
V090,人工操作作業,N,2022-08-11 09:15:40,2022-08-11 09:15:40
V091,人工操作作業,N,2022-08-11 09:15:40,2022-08-11 09:15:40
V092,人工操作作業,N,2022-08-11 09:15:40,2022-08-11 09:15:40
V093,人工操作作業,N,2022-08-11 09:15:40,2022-08-11 09:15:40
V094,人工操作作業,N,2022-08-11 09:15:40,2022-08-11 09:15:40
V095,人工操作作業,N,2022-08-11 09:15:40,2022-08-11 09:15:40
V096,人工操作作業,N,2022-08-11 09:15:40,2022-08-11 09:15:40
V097,人工操作作業,N,2022-08-11 09:15:40,2022-08-11 09:15:40
V098,人工操作作業,N,2022-08-11 09:15:40,2022-08-11 09:15:40
V099,人工操作作業,N,2022-08-11 09:15:40,2022-08-11 09:15:40
V100,人工操作作業,N,2022-08-11 09:15:40,2022-08-11 09:15:40
V101,人工操作作業,N,2022-08-11 09:15:40,2022-08-11 09:15:40
V102,人工操作作業,N,2022-08-11 09:15:40,2022-08-11 09:15:40
V103,人工操作作業,N,2022-08-11 09:15:40,2022-08-11 09:15:40
V104,人工操作作業,N,2022-08-11 09:15:40,2022-08-11 09:15:40
V105,人工操作作業,N,2022-08-11 09:15:40,2022-08-11 09:15:40
V106,人工操作作業,N,2022-08-11 09:15:40,2022-08-11 09:15:40
V107,人工操作作業,N,2022-08-11 09:15:40,2022-08-11 09:15:40
V108,人工操作作業,N,2022-08-11 09:15:40,2022-08-11 09:15:40
V109,人工操作作業,N,2022-08-11 09:15:40,2022-08-11 09:15:40
V110,人工操作作業,N,2022-08-11 09:15:40,2022-08-11 09:15:40
V111,人工操作作業,N,2022-08-11 09:15:40,2022-08-11 09:15:40
V112,人工操作作業,N,2022-08-11 09:15:40,2022-08-11 09:15:40
V113,人工操作作業,N,2022-08-11 09:15:40,2022-08-11 09:15:40
V114,人工操作作業,N,2022-08-11 09:15:40,2022-08-11 09:15:40
V115,人工操作作業,N,2022-08-11 09:15:40,2022-08-11 09:15:40
V116,人工操作作業,N,2022-08-11 09:15:40,2022-08-11 09:15:40
V117,人工操作作業,N,2022-08-11 09:15:40,2022-08-11 09:15:40
V118,人工操作作業,N,2022-08-11 09:15:40,2022-08-11 09:15:40
V119,人工操作作業,N,2022-08-11 09:15:40,2022-08-11 09:15:40
V120,人工操作作業,N,2022-08-11 09:15:40,2022-08-11 09:15:40
V121,人工操作作業,N,2022-08-11 09:15:40,2022-08-11 09:15:40
V122,人工操作作業,N,2022-08-11 09:15:40,2022-08-11 09:15:40
V123,人工操作作業,N,2022-08-11 09:15:40,2022-08-11 09:15:40
V124,人工操作作業,N,2022-08-11 09:15:40,2022-08-11 09:15:40
V125,人工操作作業,N,2022-08-11 09:15:40,2022-08-11 09:15:40
V126,人工操作作業,N,2022-08-11 09:15:40,2022-08-11 09:15:40
V127,人工操作作業,N,2022-08-11 09:15:40,2022-08-11 09:15:40
V128,人工操作作業,N,2022-08-11 09:15:40,2022-08-11 09:15:40
V129,人工操作作業,N,2022-08-11 09:15:40,2022-08-11 09:15:40
V130,人工操作作業,N,2022-08-11 09:15:40,2022-08-11 09:15:40
V131,人工操作作業,N,2022-08-11 09:15:40,2022-08-11 09:15:40
V132,人工操作作業,N,2022-08-11 09:15:40,2022-08-11 09:15:40
V133,人工操作作業,N,2022-08-11 09:15:40,2022-08-11 09:15:40
V134,人工操作作業,N,2022-08-11 09:15:40,2022-08-11 09:15:40
V135,人工操作作業,N,2022-08-11 09:15:40,2022-08-11 09:15:40
V136,人工操作作業,N,2022-08-11 09:15:40,2022-08-11 09:15:40
V137,人工操作作業,N,2022-08-11 09:15:40,2022-08-11 09:15:40
V138,人工操作作業,N,2022-08-11 09:15:40,2022-08-11 09:15:40
V139,人工操作作業,N,2022-08-11 09:15:40,2022-08-11 09:15:40
V140,人工操作作業,N,2022-08-11 09:15:40,2022-08-11 09:15:40
V141,人工操作作業,N,2022-08-11 09:15:40,2022-08-11 09:15:40
V142,人工操作作業,N,2022-08-11 09:15:40,2022-08-11 09:15:40
V143,人工操作作業,N,2022-08-11 09:15:40,2022-08-11 09:15:40
V144,人工操作作業,N,2022-08-11 09:15:40,2022-08-11 09:15:40
V145,人工操作作業,N,2022-08-11 09:15:40,2022-08-11 09:15:40
V146,人工操作作業,N,2022-08-11 09:15:40,2022-08-11 09:15:40
V147,人工操作作業,N,2022-08-11 09:15:40,2022-08-11 09:15:40
V148,人工操作作業,N,2022-08-11 09:15:40,2022-08-11 09:15:40
V149,人工操作作業,N,2022-08-11 09:15:40,2022-08-11 09:15:40
V150,人工操作作業,N,2022-08-11 09:15:40,2022-08-11 09:15:40
V151,人工操作作業,N,2022-08-11 09:15:40,2022-08-11 09:15:40
V152,人工操作作業,N,2022-08-11 09:15:40,2022-08-11 09:15:40
V153,人工操作作業,N,2022-08-11 09:15:40,2022-08-11 09:15:40
V154,人工操作作業,N,2022-08-11 09:15:40,2022-08-11 09:15:40
V155,人工操作作業,N,2022-08-11 09:15:40,2022-08-11 09:15:40
V156,人工操作作業,N,2022-08-11 09:15:40,2022-08-11 09:15:40
V157,人工操作作業,N,2022-08-11 09:15:40,2022-08-11 09:15:40
V158,人工操作作業,N,2022-08-11 09:15:40,2022-08-11 09:15:40
V159,人工操作作業,N,2022-08-11 09:15:40,2022-08-11 09:15:40
V160,人工操作作業,N,2022-08-11 09:15:40,2022-08-11 09:15:40
V161,人工操作作業,N,2022-08-11 09:15:40,2022-08-11 09:15:40
V162,人工操作作業,N,2022-08-11 09:15:40,2022-08-11 09:15:40
V163,人工操作作業,N,2022-08-11 09:15:40,2022-08-11 09:15:40
V164,人工操作作業,N,2022-08-11 09:15:40,2022-08-11 09:15:40
V165,人工操作作業,N,2022-08-11 09:15:40,2022-08-11 09:15:40
V166,人工操作作業,N,2022-08-11 09:15:40,2022-08-11 09:15:40
V167,人工操作作業,N,2022-08-11 09:15:40,2022-08-11 09:15:40
V168,人工操作作業,N,2022-08-11 09:15:40,2022-08-11 09:15:40
V169,人工操作作業,N,2022-08-11 09:15:40,2022-08-11 09:15:40
V170,人工操作作業,N,2022-08-11 09:15:40,2022-08-11 09:15:40
V171,人工操作作業,N,2022-08-11 09:15:40,2022-08-11 09:15:40
V172,人工操作作業,N,2022-08-11 09:15:40,2022-08-11 09:15:40
V173,人工操作作業,N,2022-08-11 09:15:40,2022-08-11 09:15:40
V174,人工操作作業,N,2022-08-11 09:15:40,2022-08-11 09:15:40
V175,人工操作作業,N,2022-08-11 09:15:40,2022-08-11 09:15:40
V176,人工操作作業,N,2022-08-11 09:15:40,2022-08-11 09:15:40
V177,人工操作作業,N,2022-08-11 09:15:40,2022-08-11 09:15:40
V178,人工操作作業,N,2022-08-11 09:15:40,2022-08-11 09:15:40
V179,人工操作作業,N,2022-08-11 09:15:40,2022-08-11 09:15:40
V180,人工操作作業,N,2022-08-11 09:15:40,2022-08-11 09:15:40
V181,人工操作作業,N,2022-08-11 09:15:40,2022-08-11 09:15:40
V182,人工操作作業,N,2022-08-11 09:15:40,2022-08-11 09:15:40
V183,人工操作作業,N,2022-08-11 09:15:40,2022-08-11 09:15:40
V184,人工操作作業,N,2022-08-11 09:15:40,2022-08-11 09:15:40
V185,人工操作作業,N,2022-08-11 09:15:40,2022-08-11 09:15:40
V186,人工操作作業,N,2022-08-11 09:15:40,2022-08-11 09:15:40
V187,人工操作作業,N,2022-08-11 09:15:40,2022-08-11 09:15:40
V188,人工操作作業,N,2022-08-11 09:15:40,2022-08-11 09:15:40
V189,人工操作作業,N,2022-08-11 09:15:40,2022-08-11 09:15:40
V190,人工操作作業,N,2022-08-11 09:15:40,2022-08-11 09:15:40
V191,人工操作作業,N,2022-08-11 09:15:40,2022-08-11 09:15:40
V192,人工操作作業,N,2022-08-11 09:15:40,2022-08-11 09:15:40
V193,人工操作作業,N,2022-08-11 09:15:40,2022-08-11 09:15:40
V194,人工操作作業,N,2022-08-11 09:15:40,2022-08-11 09:15:40
V195,人工操作作業,N,2022-08-11 09:15:40,2022-08-11 09:15:40
V196,人工操作作業,N,2022-08-11 09:15:40,2022-08-11 09:15:40
V197,人工操作作業,N,2022-08-11 09:15:40,2022-08-11 09:15:40
V198,人工操作作業,N,2022-08-11 09:15:40,2022-08-11 09:15:40
V199,人工操作作業,N,2022-08-11 09:15:40,2022-08-11 09:15:40
V200,人工操作作業,N,2022-08-11 09:15:40,2022-08-11 09:15:40
V201,人工操作作業,N,2022-08-11 09:15:40,2022-08-11 09:15:40
V202,人工操作作業,N,2022-08-11 09:15:40,2022-08-11 09:15:40
V203,人工操作作業,N,2022-08-11 09:15:40,2022-08-11 09:15:40
V204,人工操作作業,N,2022-08-11 09:15:40,2022-08-11 09:15:40
V205,人工操作作業,N,2022-08-11 09:15:40,2022-08-11 09:15:40
V206,人工操作作業,N,2022-08-11 09:15:40,2022-08-11 09:15:40
V207,人工操作作業,N,2022-08-11 09:15:40,2022-08-11 09:15:40
V208,人工操作作業,N,2022-08-11 09:15:40,2022-08-11 09:15:40
V209,人工操作作業,N,2022-08-11 09:15:40,2022-08-11 09:15:40
V210,人工操作作業,N,2022-08-11 09:15:40,2022-08-11 09:15:40
V211,人工操作作業,N,2022-08-11 09:15:40,2022-08-11 09:15:40
V212,人工操作作業,N,2022-08-11 09:15:40,2022-08-11 09:15:40
V213,人工操作作業,N,2022-08-11 09:15:40,2022-08-11 09:15:40
V214,人工操作作業,N,2022-08-11 09:15:40,2022-08-11 09:15:40
V215,人工操作作業,N,2022-08-11 09:15:40,2022-08-11 09:15:40
V216,人工操作作業,N,2022-08-11 09:15:40,2022-08-11 09:15:40
V217,人工操作作業,N,2022-08-11 09:15:40,2022-08-11 09:15:40
V218,人工操作作業,N,2022-08-11 09:15:40,2022-08-11 09:15:40
V219,人工操作作業,N,2022-08-11 09:15:40,2022-08-11 09:15:40
V220,人工操作作業,N,2022-08-11 09:15:40,2022-08-11 09:15:40
V221,人工操作作業,N,2022-08-11 09:15:40,2022-08-11 09:15:40
V222,人工操作作業,N,2022-08-11 09:15:40,2022-08-11 09:15:40
V223,人工操作作業,N,2022-08-11 09:15:40,2022-08-11 09:15:40
V224,人工操作作業,N,2022-08-11 09:15:40,2022-08-11 09:15:40
V225,人工操作作業,N,2022-08-11 09:15:40,2022-08-11 09:15:40
V226,人工操作作業,N,2022-08-11 09:15:40,2022-08-11 09:15:40
V227,人工操作作業,N,2022-08-11 09:15:40,2022-08-11 09:15:40
V228,人工操作作業,N,2022-08-11 09:15:40,2022-08-11 09:15:40
V229,人工操作作業,N,2022-08-11 09:15:40,2022-08-11 09:15:40
V230,人工操作作業,N,2022-08-11 09:15:40,2022-08-11 09:15:40
V231,人工操作作業,N,2022-08-11 09:15:40,2022-08-11 09:15:40
V232,人工操作作業,N,2022-08-11 09:15:40,2022-08-11 09:15:40
V233,人工操作作業,N,2022-08-11 09:15:40,2022-08-11 09:15:40
V234,人工操作作業,N,2022-08-11 09:15:40,2022-08-11 09:15:40
V235,人工操作作業,N,2022-08-11 09:15:40,2022-08-11 09:15:40
V236,人工操作作業,N,2022-08-11 09:15:40,2022-08-11 09:15:40
V237,人工操作作業,N,2022-08-11 09:15:40,2022-08-11 09:15:40
V238,人工操作作業,N,2022-08-11 09:15:40,2022-08-11 09:15:40
V239,人工操作作業,N,2022-08-11 09:15:40,2022-08-11 09:15:40
V240,人工操作作業,N,2022-08-11 09:15:40,2022-08-11 09:15:40
V241,人工操作作業,N,2022-08-11 09:15:40,2022-08-11 09:15:40
V242,人工操作作業,N,2022-08-11 09:15:40,2022-08-11 09:15:40
V243,人工操作作業,N,2022-08-11 09:15:40,2022-08-11 09:15:40
V244,人工操作作業,N,2022-08-11 09:15:40,2022-08-11 09:15:40
V245,人工操作作業,N,2022-08-11 09:15:40,2022-08-11 09:15:40
V246,人工操作作業,N,2022-08-11 09:15:40,2022-08-11 09:15:40
V247,人工操作作業,N,2022-08-11 09:15:40,2022-08-11 09:15:40
V248,人工操作作業,N,2022-08-11 09:15:40,2022-08-11 09:15:40
V249,人工操作作業,N,2022-08-11 09:15:40,2022-08-11 09:15:40
V250,人工操作作業,N,2022-08-11 09:15:40,2022-08-11 09:15:40
V251,人工操作作業,N,2022-08-11 09:15:40,2022-08-11 09:15:40
V252,人工操作作業,N,2022-08-11 09:15:40,2022-08-11 09:15:40
V253,人工操作作業,N,2022-08-11 09:15:40,2022-08-11 09:15:40
V254,人工操作作業,N,2022-08-11 09:15:40,2022-08-11 09:15:40
V255,人工操作作業,N,2022-08-11 09:15:40,2022-08-11 09:15:40
V256,人工操作作業,N,2022-08-11 09:15:40,2022-08-11 09:15:40
V257,人工操作作業,N,2022-08-11 09:15:40,2022-08-11 09:15:40
V258,人工操作作業,N,2022-08-11 09:15:40,2022-08-11 09:15:40
V259,人工操作作業,N,2022-08-11 09:15:40,2022-08-11 09:15:40
V260,人工操作作業,N,2022-08-11 09:15:40,2022-08-11 09:15:40
V261,人工操作作業,N,2022-08-11 09:15:40,2022-08-11 09:15:40
V262,人工操作作業,N,2022-08-11 09:15:40,2022-08-11 09:15:40
V263,人工操作作業,N,2022-08-11 09:15:40,2022-08-11 09:15:40
V264,人工操作作業,N,2022-08-11 09:15:40,2022-08-11 09:15:40
V265,人工操作作業,N,2022-08-11 09:15:40,2022-08-11 09:15:40
V266,人工操作作業,N,2022-08-11 09:15:40,2022-08-11 09:15:40
V267,人工操作作業,N,2022-08-11 09:15:40,2022-08-11 09:15:40
V268,人工操作作業,N,2022-08-11 09:15:40,2022-08-11 09:15:40
V269,人工操作作業,N,2022-08-11 09:15:40,2022-08-11 09:15:40
V270,人工操作作業,N,2022-08-11 09:15:40,2022-08-11 09:15:40
V271,人工操作作業,N,2022-08-11 09:15:40,2022-08-11 09:15:40
V272,人工操作作業,N,2022-08-11 09:15:40,2022-08-11 09:15:40
V273,人工操作作業,N,2022-08-11 09:15:40,2022-08-11 09:15:40
V274,人工操作作業,N,2022-08-11 09:15:40,2022-08-11 09:15:40
V275,人工操作作業,N,2022-08-11 09:15:40,2022-08-11 09:15:40
V276,人工操作作業,N,2022-08-11 09:15:40,2022-08-11 09:15:40
V277,人工操作作業,N,2022-08-11 09:15:40,2022-08-11 09:15:40
V278,人工操作作業,N,2022-08-11 09:15:40,2022-08-11 09:15:40
V279,人工操作作業,N,2022-08-11 09:15:40,2022-08-11 09:15:40
V280,人工操作作業,N,2022-08-11 09:15:40,2022-08-11 09:15:40
V281,人工操作作業,N,2022-08-11 09:15:40,2022-08-11 09:15:40
V282,人工操作作業,N,2022-08-11 09:15:40,2022-08-11 09:15:40
V283,人工操作作業,N,2022-08-11 09:15:40,2022-08-11 09:15:40
V284,人工操作作業,N,2022-08-11 09:15:40,2022-08-11 09:15:40
V285,人工操作作業,N,2022-08-11 09:15:40,2022-08-11 09:15:40
V286,人工操作作業,N,2022-08-11 09:15:40,2022-08-11 09:15:40
V287,人工操作作業,N,2022-08-11 09:15:40,2022-08-11 09:15:40
V288,人工操作作業,N,2022-08-11 09:15:40,2022-08-11 09:15:40
V289,人工操作作業,N,2022-08-11 09:15:40,2022-08-11 09:15:40
V290,人工操作作業,N,2022-08-11 09:15:40,2022-08-11 09:15:40
V291,人工操作作業,N,2022-08-11 09:15:40,2022-08-11 09:15:40
V292,人工操作作業,N,2022-08-11 09:15:40,2022-08-11 09:15:40
V293,人工操作作業,N,2022-08-11 09:15:40,2022-08-11 09:15:40
V294,人工操作作業,N,2022-08-11 09:15:40,2022-08-11 09:15:40
V295,人工操作作業,N,2022-08-11 09:15:40,2022-08-11 09:15:40
V296,人工操作作業,N,2022-08-11 09:15:40,2022-08-11 09:15:40
V297,人工操作作業,N,2022-08-11 09:15:40,2022-08-11 09:15:40
V298,人工操作作業,N,2022-08-11 09:15:40,2022-08-11 09:15:40
V299,人工操作作業,N,2022-08-11 09:15:40,2022-08-11 09:15:40
V300,人工操作作業,N,2022-08-11 09:15:40,2022-08-11 09:15:40
V301,人工操作作業,N,2022-08-11 09:15:40,2022-08-11 09:15:40
V302,人工操作作業,N,2022-08-11 09:15:40,2022-08-11 09:15:40
V303,人工操作作業,N,2022-08-11 09:15:40,2022-08-11 09:15:40
V304,人工操作作業,N,2022-08-11 09:15:40,2022-08-11 09:15:40
V305,人工操作作業,N,2022-08-11 09:15:40,2022-08-11 09:15:40
V306,人工操作作業,N,2022-08-11 09:15:40,2022-08-11 09:15:40
V307,人工操作作業,N,2022-08-11 09:15:40,2022-08-11 09:15:40
V308,人工操作作業,N,2022-08-11 09:15:40,2022-08-11 09:15:40
V309,人工操作作業,N,2022-08-11 09:15:40,2022-08-11 09:15:40
V310,人工操作作業,N,2022-08-11 09:15:40,2022-08-11 09:15:40
V311,人工操作作業,N,2022-08-11 09:15:40,2022-08-11 09:15:40
V312,人工操作作業,N,2022-08-11 09:15:40,2022-08-11 09:15:40
V313,人工操作作業,N,2022-08-11 09:15:40,2022-08-11 09:15:40
V314,人工操作作業,N,2022-08-11 09:15:40,2022-08-11 09:15:40
V315,人工操作作業,N,2022-08-11 09:15:40,2022-08-11 09:15:40
V316,人工操作作業,N,2022-08-11 09:15:40,2022-08-11 09:15:40
V317,人工操作作業,N,2022-08-11 09:15:40,2022-08-11 09:15:40
V318,人工操作作業,N,2022-08-11 09:15:40,2022-08-11 09:15:40
V319,人工操作作業,N,2022-08-11 09:15:40,2022-08-11 09:15:40
V320,人工操作作業,N,2022-08-11 09:15:40,2022-08-11 09:15:40
V321,人工操作作業,N,2022-08-11 09:15:40,2022-08-11 09:15:40
V322,人工操作作業,N,2022-08-11 09:15:40,2022-08-11 09:15:40
V323,人工操作作業,N,2022-08-11 09:15:40,2022-08-11 09:15:40
V324,人工操作作業,N,2022-08-11 09:15:40,2022-08-11 09:15:40
V325,人工操作作業,N,2022-08-11 09:15:40,2022-08-11 09:15:40
V326,人工操作作業,N,2022-08-11 09:15:40,2022-08-11 09:15:40
V327,人工操作作業,N,2022-08-11 09:15:40,2022-08-11 09:15:40
V328,人工操作作業,N,2022-08-11 09:15:40,2022-08-11 09:15:40
V329,人工操作作業,N,2022-08-11 09:15:40,2022-08-11 09:15:40
V330,人工操作作業,N,2022-08-11 09:15:40,2022-08-11 09:15:40
V331,人工操作作業,N,2022-08-11 09:15:40,2022-08-11 09:15:40
V332,人工操作作業,N,2022-08-11 09:15:40,2022-08-11 09:15:40
V333,人工操作作業,N,2022-08-11 09:15:40,2022-08-11 09:15:40
V334,人工操作作業,N,2022-08-11 09:15:40,2022-08-11 09:15:40
V335,人工操作作業,N,2022-08-11 09:15:40,2022-08-11 09:15:40
V336,人工操作作業,N,2022-08-11 09:15:40,2022-08-11 09:15:40
V337,人工操作作業,N,2022-08-11 09:15:40,2022-08-11 09:15:40
V338,人工操作作業,N,2022-08-11 09:15:40,2022-08-11 09:15:40
V339,人工操作作業,N,2022-08-11 09:15:40,2022-08-11 09:15:40
V340,人工操作作業,N,2022-08-11 09:15:40,2022-08-11 09:15:40
V341,人工操作作業,N,2022-08-11 09:15:40,2022-08-11 09:15:40
V343,人工操作作業,N,2022-08-11 09:15:40,2022-08-11 09:15:40
V344,人工操作作業,N,2022-08-11 09:15:40,2022-08-11 09:15:40
V345,人工操作作業,N,2022-08-11 09:15:40,2022-08-11 09:15:40
V346,人工操作作業,N,2022-08-11 09:15:40,2022-08-11 09:15:40
V347,人工操作作業,N,2022-08-11 09:15:40,2022-08-11 09:15:40
V348,人工操作作業,N,2022-08-11 09:15:40,2022-08-11 09:15:40
V349,人工操作作業,N,2022-08-11 09:15:40,2022-08-11 09:15:40
V350,人工操作作業,N,2022-08-11 09:15:40,2022-08-11 09:15:40
V351,人工操作作業,N,2022-08-11 09:15:40,2022-08-11 09:15:40
V391,人工操作作業,N,2022-08-11 09:15:40,2022-08-11 09:15:40
V392,人工操作作業,N,2022-08-11 09:15:40,2022-08-11 09:15:40
V393,人工操作作業,N,2022-08-11 09:15:40,2022-08-11 09:15:40
V394,人工操作作業,N,2022-08-11 09:15:40,2022-08-11 09:15:40
