salesOrderItemId,seqNo,partId,requiredQuantity,itemRequestedDueDate
S11-241000004^1,1,P001G2LGVAB1,300.0,2025-10-01
S11-250800005^1,1,30200715,99.0,2025-10-01
S11-250800005^2,2,32200741,99.0,2025-10-01
S13-250800005^10,10,39900288,100.0,2025-10-01
S13-250800005^11,11,31000490,30.0,2025-10-01
S13-250800005^12,12,34200003,10.0,2025-10-01
S13-250800005^13,13,33400296,10.0,2025-10-01
S13-250800005^15,15,62022009,10.0,2025-10-01
S13-250800005^16,16,62012009,10.0,2025-10-01
S13-250800005^17,17,32100260,10.0,2025-10-01
S13-250800005^19,19,39900046,10.0,2025-10-01
S13-250800005^20,20,39900191,10.0,2025-10-01
S13-250800005^22,22,62022059,10.0,2025-10-01
S13-250800005^23,23,62012059,10.0,2025-10-01
S13-250800005^24,24,33300461,10.0,2025-10-01
S13-250800005^25,25,39902083,10.0,2025-10-01
S13-250800005^26,26,39900313,10.0,2025-10-01
S13-250800005^3,3,32600585,20.0,2025-10-01
S13-250800005^9,9,32600624,30.0,2025-10-01
S13-250800006^5,5,62012032,280.0,2025-10-01
S13-250800006^6,6,62022032,280.0,2025-10-01
S1A-241200020^1,1,SP64H5ARXF,3.0,2025-10-01
S1A-241200020^2,2,SP64H5ARXF1,7.0,2025-10-01
S1A-241200020^3,3,32200262,7.0,2025-10-01
S13-250800008^1,1,30500835,100.0,2025-10-01
S13-250800008^2,2,32100372,150.0,2025-10-01
S11-250800005^3,3,66110026,198.0,2025-10-01
S13-250800005^1,1,33000145,300.0,2025-10-01
S13-250800005^14,14,43600517,50.0,2025-10-01
S13-250800005^18,18,64800011,10.0,2025-10-01
S13-250800005^2,2,43780035,50.0,2025-10-01
S13-250800005^21,21,41780070,20.0,2025-10-01
S13-250800005^4,4,33100867,50.0,2025-10-01
S13-250800005^5,5,46781037,20.0,2025-10-01
S13-250800005^6,6,46781038,10.0,2025-10-01
S13-250800005^7,7,61098053,100.0,2025-10-01
S13-250800005^8,8,63334501,100.0,2025-10-01
S13-250800006^2,2,61128013,550.0,2025-10-01
S13-250800006^3,3,23330038,275.0,2025-10-01
S13-250800006^4,4,41300487,550.0,2025-10-01
S13-250800010^4,4,41780099,100.0,2025-10-01
S11-250700032^1,1,37200290,1.0,2025-10-01
S11-250700032^3,3,37223003,2.0,2025-10-01
S11-250700032^4,4,37223005,11.0,2025-10-01
S11-250700032^5,5,37223001,2.0,2025-10-01
S11-250700032^9,9,37223006,2.0,2025-10-01
S13-250900002^1,1,32600092,30.0,2025-10-01
S13-250900002^2,2,33100130,30.0,2025-10-01
S11-250700032^2,2,46781320,731.0,2025-10-01
S11-250700032^6,6,41380368,1.0,2025-10-01
S11-250700032^7,7,50205033,1.0,2025-10-01
S13-250700070^1,1,39900388,20.0,2025-10-01
S13-250700070^5,5,39928009,20.0,2025-10-01
S13-250700071^1,1,39900388,30.0,2025-10-01
S13-250700071^5,5,39928009,30.0,2025-10-01
S13-250800051^1,1,61108314,200.0,2025-10-01
S13-250800052^1,1,41780101,360.0,2025-10-01
S13-250900005^1,1,41780100,300.0,2025-10-01
T20-000966693^0,0,33528002,75.0,2025-10-01
S13-250300041^1,1,34104033,245.0,2025-10-01
S13-250300041^2,2,34104034,245.0,2025-10-01
S13-250300041^3,3,34104031,245.0,2025-10-01
S13-250300041^4,4,34104032,245.0,2025-10-01
S13-250300041^5,5,34104030,241.0,2025-10-01
S13-250300041^6,6,34104035,95.0,2025-10-01
S13-250700020^6,6,41280531,400.0,2025-10-01
S13-250700020^8,8,41280532,400.0,2025-10-01
S1A-250900019^1,1,43380012,4.0,2025-10-01
S1A-250900019^2,2,43380013,4.0,2025-10-01
S1A-250900019^3,3,61047001,1.0,2025-10-01
S1A-250900019^4,4,63980106,1.0,2025-10-01
S1A-250900019^5,5,43380014,2.0,2025-10-01
S1A-250900019^6,6,66100002,2.0,2025-10-01
S16-250800015^2,2,8000AM53,300.0,2025-10-01
S1A-250900021^1,1,44689207,2.0,2025-10-02
S11-250700004^1,1,S941A2SRSW,6.0,2025-10-03
S11-250700004^2,2,S946A3WHSWB,9.0,2025-10-03
S11-250700004^3,3,S840FBSPSW01,14.0,2025-10-03
S11-250700004^4,4,S946A4SPSWB,5.0,2025-10-03
S11-250700004^5,5,S840GBTLSW2,10.0,2025-10-03
S11-250700004^6,6,S946A3LBSWB,8.0,2025-10-03
S11-250700004^7,7,S946A4DGSWB,7.0,2025-10-03
S11-250700004^8,8,S946A4BGSWB,6.0,2025-10-03
S11-250700004^9,9,S946A3SRSWB,7.0,2025-10-03
S13-250700069^1,1,62009180,200.0,2025-10-03
S13-250700073^1,1,41700021,80.0,2025-10-03
S13-250800007^9,9,62009129,110.0,2025-10-03
S13-250800008^3,3,33300514,100.0,2025-10-03
S13-250800008^4,4,32100373,140.0,2025-10-03
S13-250900056^1,1,61200158,5.0,2025-10-03
S11-250800017^1,1,SP64H5GBEU,36.0,2025-10-07
S11-250800017^2,2,SP64H5AREU,36.0,2025-10-07
S11-250800024^1,1,S846GBCBVAF53,44.0,2025-10-07
S11-250800024^2,2,S846GBGMVAF53,16.0,2025-10-07
S11-250800024^3,3,S840KJGMVAF2,12.0,2025-10-07
S11-250800024^4,4,39900290,12.0,2025-10-07
S11-250800024^5,5,39900289,60.0,2025-10-07
S13-250800046^1,1,62009180,2.0,2025-10-07
S11-250900012^1,1,37200578,1.0,2025-10-07
S11-250900012^2,2,46781322,508.0,2025-10-07
S11-250900012^3,3,37236055,1.0,2025-10-07
S11-250900012^4,4,37236057,8.0,2025-10-07
S11-250900012^6,6,37236053,2.0,2025-10-07
S11-250900012^7,7,41380368,1.0,2025-10-07
S11-250900012^8,8,50205033,1.0,2025-10-07
S13-250800045^1,1,62203007,5.0,2025-10-07
S13-250800046^2,2,53206010,2.0,2025-10-07
S13-250800046^3,3,53208012,2.0,2025-10-07
S13-250800046^4,4,62201259,2.0,2025-10-07
S13-250300041^1,1,34104033,245.0,2025-10-07
S13-250300041^2,2,34104034,245.0,2025-10-07
S13-250300041^3,3,34104031,245.0,2025-10-07
S13-250300041^4,4,34104032,245.0,2025-10-07
S13-250300041^5,5,34104030,241.0,2025-10-07
S13-250300041^6,6,34104035,95.0,2025-10-07
S11-250800007^1,1,32200742,99.0,2025-10-08
S11-250800007^2,2,30500746,99.0,2025-10-08
S11-250800009^1,1,30200719,70.0,2025-10-08
S11-250800009^2,2,32200748,70.0,2025-10-08
S1A-241200021^1,1,S14710ARXF,10.0,2025-10-08
S1A-241200021^2,2,S14710OTXF,5.0,2025-10-08
S1A-241200021^3,3,32200698,10.0,2025-10-08
S1A-241200021^4,4,32200262,5.0,2025-10-08
S11-250800011^1,1,P3278-BBMUB,56.0,2025-10-08
S11-250800011^2,2,P3278-ARMUB,100.0,2025-10-08
S13-250800008^10,10,30500734,125.0,2025-10-08
S13-250800008^16,16,32100388,150.0,2025-10-08
S13-250800008^17,17,32100290,100.0,2025-10-08
S13-250800008^18,18,30500858,25.0,2025-10-08
S13-250800008^19,19,30500860,25.0,2025-10-08
S13-250800008^20,20,30500861,25.0,2025-10-08
S13-250800008^21,21,30500714,25.0,2025-10-08
S13-250800008^22,22,30500716,20.0,2025-10-08
S13-250800008^23,23,30500859,25.0,2025-10-08
S13-250800008^24,24,33300465,150.0,2025-10-08
S13-250800008^5,5,30500711,50.0,2025-10-08
S13-250800008^6,6,30500712,50.0,2025-10-08
S13-250800008^7,7,30500713,100.0,2025-10-08
S13-250800008^8,8,30500732,50.0,2025-10-08
S13-250800008^9,9,30500733,100.0,2025-10-08
S13-250800018^1,1,33103050,20.0,2025-10-08
S13-250800018^11,11,31000257,10.0,2025-10-08
S13-250800018^13,13,62022017,5.0,2025-10-08
S13-250800018^14,14,62012017,5.0,2025-10-08
S13-250800018^16,16,39921047,10.0,2025-10-08
S13-250800018^18,18,30258128,10.0,2025-10-08
S13-250800018^19,19,62010074,5.0,2025-10-08
S13-250800018^2,2,34100030,15.0,2025-10-08
S13-250800018^20,20,33100860,5.0,2025-10-08
S13-250800018^3,3,62022085,20.0,2025-10-08
S13-250800018^4,4,62012085,20.0,2025-10-08
S13-250800018^5,5,33104003,60.0,2025-10-08
S13-250800018^6,6,30510900,20.0,2025-10-08
S13-250800018^8,8,30258137,10.0,2025-10-08
S13-250800018^9,9,30258136,10.0,2025-10-08
S13-250800020^3,3,32200685,5.0,2025-10-08
S13-250800021^10,10,30600140,30.0,2025-10-08
S13-250800021^12,12,39905084,5.0,2025-10-08
S13-250800021^2,2,39905239,5.0,2025-10-08
S13-250800021^5,5,33500572,5.0,2025-10-08
S13-250800021^6,6,30515922,5.0,2025-10-08
S13-250800021^7,7,62009043,5.0,2025-10-08
S13-250800021^8,8,62010056,5.0,2025-10-08
S11-250800007^3,3,66110026,198.0,2025-10-08
S11-250800009^3,3,66110026,140.0,2025-10-08
S13-250800008^11,11,43780127,50.0,2025-10-08
S13-250800008^12,12,43780112,200.0,2025-10-08
S13-250800008^13,13,43780128,200.0,2025-10-08
S13-250800008^14,14,43780193,100.0,2025-10-08
S13-250800008^15,15,43780192,50.0,2025-10-08
S13-250800018^10,10,33100874,5.0,2025-10-08
S13-250800018^12,12,62409060,10.0,2025-10-08
S13-250800018^15,15,43601051,10.0,2025-10-08
S13-250800018^17,17,63270419,15.0,2025-10-08
S13-250800018^7,7,41780070,20.0,2025-10-08
S13-250800020^1,1,32228092,50.0,2025-10-08
S13-250800020^2,2,32228075,50.0,2025-10-08
S13-250800020^4,4,32228077,10.0,2025-10-08
S13-250800020^5,5,32228085,10.0,2025-10-08
S13-250800021^1,1,64510006,10.0,2025-10-08
S13-250800021^11,11,32228082,20.0,2025-10-08
S13-250800021^3,3,63232801,10.0,2025-10-08
S13-250800021^4,4,43601062,25.0,2025-10-08
S13-250800021^9,9,63334601,25.0,2025-10-08
S11-241000004^1,1,P001G2LGVAB1,300.0,2025-10-08
S11-250900013^1,1,37200578,1.0,2025-10-08
S11-250900013^2,2,46781320,593.0,2025-10-08
S11-250900013^3,3,37223003,3.0,2025-10-08
S11-250900013^4,4,37223005,10.0,2025-10-08
S11-250900013^5,5,37223001,2.0,2025-10-08
S11-250900013^6,6,41380368,1.0,2025-10-08
S11-250900013^7,7,50205033,1.0,2025-10-08
S13-250800015^10,10,30506859,20.0,2025-10-08
S13-250800015^11,11,39900265,50.0,2025-10-08
S13-250800015^12,12,30303379,10.0,2025-10-08
S13-250800015^13,13,61108304,20.0,2025-10-08
S13-250800015^14,14,34000062,50.0,2025-10-08
S13-250800015^15,15,61200232,10.0,2025-10-08
S13-250800015^16,16,30400450,20.0,2025-10-08
S13-250800015^17,17,30400451,20.0,2025-10-08
S13-250800015^2,2,61108259,50.0,2025-10-08
S13-250800015^3,3,32600422,100.0,2025-10-08
S13-250800015^4,4,43690542,25.0,2025-10-08
S13-250800015^5,5,30300700,10.0,2025-10-08
S13-250800015^6,6,30300701,10.0,2025-10-08
S13-250800015^9,9,39905222,10.0,2025-10-08
S1A-250800024^1,1,37200467,1.0,2025-10-08
S1A-250800024^11,11,37298021,12.0,2025-10-08
S1A-250800024^5,5,37298012,2.0,2025-10-08
S1A-250800024^7,7,32200661,1.0,2025-10-08
S1A-250800024^9,9,37298019,3.0,2025-10-08
S10-250900012^1,1,37200290,1.0,2025-10-08
S13-250700020^2,2,46781037,150.0,2025-10-08
S13-250700020^3,3,46781038,150.0,2025-10-08
S13-250800005^5,5,46781037,20.0,2025-10-08
S13-250800005^6,6,46781038,10.0,2025-10-08
S1A-250800024^2,2,46781107,682.0,2025-10-08
S1A-250800024^3,3,63980147,20.0,2025-10-08
S1A-250800024^4,4,61218045,7.0,2025-10-08
S1A-250800024^6,6,E60416WTTWB,1.0,2025-10-08
S13-250800008^25,25,32100373,140.0,2025-10-09
S13-250800030^1,1,30300306,20.0,2025-10-09
S13-250800030^10,10,39937187,30.0,2025-10-09
S13-250800030^11,11,41200509,20.0,2025-10-09
S13-250800030^12,12,41200713,5.0,2025-10-09
S13-250800030^13,13,41280277,100.0,2025-10-09
S13-250800030^14,14,41300366,30.0,2025-10-09
S13-250800030^15,15,41300460,300.0,2025-10-09
S13-250800030^16,16,41380227,30.0,2025-10-09
S13-250800030^17,17,41700231,30.0,2025-10-09
S13-250800030^18,18,41700232,20.0,2025-10-09
S13-250800030^19,19,41700416,10.0,2025-10-09
S13-250800030^2,2,30300313,100.0,2025-10-09
S13-250800030^20,20,42700041,20.0,2025-10-09
S13-250800030^21,21,43601219,30.0,2025-10-09
S13-250800030^22,22,43700277,20.0,2025-10-09
S13-250800030^23,23,43701302,40.0,2025-10-09
S13-250800030^24,24,44600060,30.0,2025-10-09
S13-250800030^25,25,50105022,20.0,2025-10-09
S13-250800030^26,26,50506034,20.0,2025-10-09
S13-250800030^27,27,50508001,50.0,2025-10-09
S13-250800030^28,28,53112009,100.0,2025-10-09
S13-250800030^29,29,53300019,100.0,2025-10-09
S13-250800030^3,3,30303206,12.0,2025-10-09
S13-250800030^30,30,61020006,50.0,2025-10-09
S13-250800030^31,31,61108213,30.0,2025-10-09
S13-250800030^32,32,61108232,30.0,2025-10-09
S13-250800030^33,33,62103025,16.0,2025-10-09
S13-250800030^34,34,62109018,20.0,2025-10-09
S13-250800030^35,35,62109021,10.0,2025-10-09
S13-250800030^36,36,62109025,15.0,2025-10-09
S13-250800030^37,37,62300032,20.0,2025-10-09
S13-250800030^38,38,62302023,20.0,2025-10-09
S13-250800030^39,39,64510007,20.0,2025-10-09
S13-250800030^4,4,30303289,5.0,2025-10-09
S13-250800030^40,40,75171572,60.0,2025-10-09
S13-250800030^5,5,31000090,10.0,2025-10-09
S13-250800030^6,6,33100717,30.0,2025-10-09
S13-250800030^7,7,33300360,15.0,2025-10-09
S13-250800030^8,8,33700309,50.0,2025-10-09
S13-250800030^9,9,34226002,20.0,2025-10-09
T20-000957431^0,0,43690700,600.0,2025-10-09
S13-250900008^1,1,62109016,5.0,2025-10-09
S13-250900012^1,1,70480060,50.0,2025-10-09
S13-250900016^1,1,30203108,75.0,2025-10-09
S13-250900016^2,2,43600317,125.0,2025-10-09
S13-250900016^3,3,43690283,200.0,2025-10-09
S13-250900040^1,1,43690195,1.0,2025-10-09
S13-250900040^2,2,30519370,2.0,2025-10-09
S13-250900040^3,3,30519371,1.0,2025-10-09
S13-250900040^4,4,43601737,5.0,2025-10-09
S13-250900040^5,5,30519399,5.0,2025-10-09
S13-250900040^6,6,30300338,2.0,2025-10-09
S13-250900040^7,7,30300339,3.0,2025-10-09
S13-250900040^8,8,41700290,1.0,2025-10-09
S1A-250900003^1,1,33710002,20.0,2025-10-09
S1A-250900003^2,2,33710008,20.0,2025-10-09
S11-241000020^1,1,S846GBCBVAF53,21.0,2025-10-09
S11-241000020^2,2,S846GBLGVAF53,10.0,2025-10-09
S11-241000020^3,3,S846GBGMVAF53,41.0,2025-10-09
S11-250700020^1,1,S350-BSVAEB,60.0,2025-10-09
S11-250800031^1,1,37200290,1.0,2025-10-09
S11-250800031^3,3,37236055,1.0,2025-10-09
S11-250800031^4,4,37236057,14.0,2025-10-09
S11-250800031^6,6,37236053,2.0,2025-10-09
S11-250800031^9,9,37236056,2.0,2025-10-09
S1A-250900017^1,1,30300466,2.0,2025-10-09
T20-000965894^0,0,22030570,25.0,2025-10-09
S11-250800031^2,2,46781322,853.0,2025-10-09
S11-250800031^7,7,41380368,1.0,2025-10-09
S11-250800031^8,8,50205033,1.0,2025-10-09
T20-000772258^0,0,46781081,32.0,2025-10-09
T20-000821077^0,0,43690688,165.0,2025-10-09
T20-000912038^0,0,43690570,216.0,2025-10-09
T20-000937779^0,0,32600541,160.0,2025-10-09
T20-000937780^0,0,32600542,160.0,2025-10-09
T20-000937785^0,0,43690570,40.0,2025-10-09
T20-000937786^0,0,43690570,300.0,2025-10-09
T20-000948980^0,0,33528001,195.0,2025-10-09
T20-000948985^0,0,33528001,300.0,2025-10-09
T20-000948990^0,0,33503087,300.0,2025-10-09
T20-000949850^0,0,33403140,641.0,2025-10-09
T20-000949853^0,0,33403140,1000.0,2025-10-09
T20-000954110^0,0,33503072,10.0,2025-10-09
T20-000957430^0,0,43690700,600.0,2025-10-09
T20-000958627^0,0,34199012,800.0,2025-10-09
T20-000958629^0,0,34199013,800.0,2025-10-09
T20-000958631^0,0,34199012,1000.0,2025-10-09
T20-000958633^0,0,34199013,1000.0,2025-10-09
T20-000961094^0,0,30303311,100.0,2025-10-09
T20-000964171^0,0,41380264,300.0,2025-10-09
T23-000028626^0,0,33700687,50.0,2025-10-09
S15-251000002^1,1,44689215,2.0,2025-10-09
T20-000957430^0,0,43690700,450.0,2025-10-09
T20-000958627^0,0,34199012,107.0,2025-10-09
T20-000958629^0,0,34199013,107.0,2025-10-09
T20-000966693^0,0,33528002,65.0,2025-10-09
S13-250800027^1,1,39942052,20.0,2025-10-10
S13-250800027^25,25,34000108,6.0,2025-10-10
S13-250800027^34,34,30550165,1.0,2025-10-10
S13-250800027^35,35,30500796,2.0,2025-10-10
S13-250800027^36,36,30519491,1.0,2025-10-10
S13-250800027^37,37,30509112,1.0,2025-10-10
S13-250800027^38,38,30540167,1.0,2025-10-10
S13-250800027^4,4,33700708,5.0,2025-10-10
S13-250800027^41,41,33700470,2.0,2025-10-10
S13-250800027^43,43,30510447,2.0,2025-10-10
S13-250800027^5,5,33700709,5.0,2025-10-10
S13-250800027^53,53,30302010,2.0,2025-10-10
S13-250800027^54,54,39900222,10.0,2025-10-10
S13-250800027^10,10,62302050,3.0,2025-10-10
S13-250800027^11,11,62300013,3.0,2025-10-10
S13-250800027^12,12,62101305,6.0,2025-10-10
S13-250800027^13,13,41700210,4.0,2025-10-10
S13-250800027^14,14,42700013,4.0,2025-10-10
S13-250800027^15,15,41200440,6.0,2025-10-10
S13-250800027^16,16,44600134,10.0,2025-10-10
S13-250800027^17,17,44600141,20.0,2025-10-10
S13-250800027^18,18,44600402,20.0,2025-10-10
S13-250800027^19,19,44600131,50.0,2025-10-10
S13-250800027^20,20,43690447,20.0,2025-10-10
S13-250800027^21,21,43690570,20.0,2025-10-10
S13-250800027^22,22,44689070,20.0,2025-10-10
S13-250800027^23,23,62012011,2.0,2025-10-10
S13-250800027^24,24,62022011,2.0,2025-10-10
S13-250800027^26,26,34203128,2.0,2025-10-10
S13-250800027^27,27,43701072,10.0,2025-10-10
S13-250800027^28,28,46781037,10.0,2025-10-10
S13-250800027^29,29,46781038,10.0,2025-10-10
S13-250800027^30,30,43690196,5.0,2025-10-10
S13-250800027^31,31,64220005,2.0,2025-10-10
S13-250800027^32,32,61120085,10.0,2025-10-10
S13-250800027^33,33,61200026,5.0,2025-10-10
S13-250800027^39,39,43690200,2.0,2025-10-10
S13-250800027^40,40,62109042,2.0,2025-10-10
S13-250800027^42,42,32228015,3.0,2025-10-10
S13-250800027^44,44,30303007,10.0,2025-10-10
S13-250800027^45,45,30303022,5.0,2025-10-10
S13-250800027^46,46,61100043,2.0,2025-10-10
S13-250800027^47,47,61100027,2.0,2025-10-10
S13-250800027^48,48,61100069,10.0,2025-10-10
S13-250800027^49,49,61090063,20.0,2025-10-10
S13-250800027^50,50,41300082,5.0,2025-10-10
S13-250800027^51,51,41300366,10.0,2025-10-10
S13-250800027^52,52,41300570,5.0,2025-10-10
S13-250800027^55,55,64220010,2.0,2025-10-10
S13-250800027^56,56,41780069,4.0,2025-10-10
S13-250800027^57,57,53300007,50.0,2025-10-10
S13-250800027^58,58,63700036,50.0,2025-10-10
S13-250800027^59,59,65140215,30.0,2025-10-10
S13-250800027^6,6,50604004,30.0,2025-10-10
S13-250800027^60,60,43620030,20.0,2025-10-10
S13-250800027^61,61,30303258,2.0,2025-10-10
S13-250800027^62,62,33100867,20.0,2025-10-10
S13-250800027^63,63,62012061,2.0,2025-10-10
S13-250800027^64,64,62022061,2.0,2025-10-10
S13-250800027^65,65,62203062,5.0,2025-10-10
S13-250800027^66,66,33700687,6.0,2025-10-10
S13-250800027^7,7,50604022,20.0,2025-10-10
S13-250800027^8,8,62101302,5.0,2025-10-10
S13-250800027^9,9,62302030,6.0,2025-10-10
S13-250800003^1,1,62009155,192.0,2025-10-13
S13-250800003^2,2,62001279,48.0,2025-10-13
S13-250800016^1,1,62009155,240.0,2025-10-13
S13-250800016^2,2,62001279,48.0,2025-10-13
S11-250800020^1,1,S846EBSGVA21,16.0,2025-10-13
S11-250800020^2,2,S846EBSDVA21,14.0,2025-10-13
S11-250800020^3,3,S846EBGMVA21,18.0,2025-10-13
S11-250800020^4,4,S846EBARVA21,14.0,2025-10-13
S11-250800020^5,5,S846EBDBVA21,10.0,2025-10-13
S13-250900026^1,1,30510899,20.0,2025-10-13
S13-250900026^2,2,30510900,20.0,2025-10-13
S13-250900026^1,1,30510899,10.0,2025-10-13
S13-250900026^2,2,30510900,10.0,2025-10-13
S13-250900064^1,1,33503034,2.0,2025-10-13
S13-250900062^1,1,30510899,10.0,2025-10-13
S13-250900062^2,2,30510900,10.0,2025-10-13
S13-250800012^10,10,34100323,50.0,2025-10-14
S13-250800012^11,11,33100853,70.0,2025-10-14
S13-250800012^14,14,39900288,200.0,2025-10-14
S13-250800012^15,15,33400296,20.0,2025-10-14
S13-250800012^16,16,33100900,30.0,2025-10-14
S13-250800012^17,17,33503170,20.0,2025-10-14
S13-250800012^18,18,32100360,20.0,2025-10-14
S13-250800012^4,4,32600604,50.0,2025-10-14
S13-250800012^5,5,33100870,50.0,2025-10-14
S13-250800012^6,6,33100866,50.0,2025-10-14
S13-250800012^7,7,31000508,50.0,2025-10-14
S13-250800012^8,8,39933053,50.0,2025-10-14
S13-250800012^9,9,33100871,100.0,2025-10-14
S11-250800018^1,1,SP64H5GBEU,24.0,2025-10-14
S11-250800018^2,2,SP64H5AREU,21.0,2025-10-14
S11-250800018^3,3,S940C3SVEU,6.0,2025-10-14
S11-250800018^4,4,S940C3SDEU,8.0,2025-10-14
S13-250800012^1,1,33000145,500.0,2025-10-14
S13-250800012^12,12,43700291,30.0,2025-10-14
S13-250800012^13,13,53300028,100.0,2025-10-14
S13-250800012^19,19,63230702,20.0,2025-10-14
S13-250800012^2,2,33100869,400.0,2025-10-14
S13-250800012^20,20,45700129,20.0,2025-10-14
S13-250800012^3,3,33100867,50.0,2025-10-14
S13-250800053^1,1,62109130,3.0,2025-10-14
S13-250900017^1,1,61230112,10.0,2025-10-14
S13-250900033^1,1,62300040,5.0,2025-10-14
S13-250900038^1,1,61230112,10.0,2025-10-14
S11-250800039^1,1,37200290,1.0,2025-10-14
S11-250800039^2,2,46781321,818.0,2025-10-14
S11-250800039^4,4,37298046,5.0,2025-10-14
S11-250800039^5,5,37298048,11.0,2025-10-14
S11-250800039^6,6,37298044,2.0,2025-10-14
S11-250800039^7,7,41380368,1.0,2025-10-14
S11-250800039^8,8,50205033,1.0,2025-10-14
S13-250700016^2,2,62012032,160.0,2025-10-15
S13-250700016^3,3,62022032,160.0,2025-10-15
S11-250800013^1,1,30500746,99.0,2025-10-15
S11-250800013^2,2,32200742,99.0,2025-10-15
S11-250800012^1,1,30200715,99.0,2025-10-15
S11-250800012^2,2,32200741,99.0,2025-10-15
S11-250800012^3,3,66110026,198.0,2025-10-15
S11-250800013^3,3,66110026,198.0,2025-10-15
S13-250800008^26,26,30500835,100.0,2025-10-15
S13-250800008^27,27,32100372,150.0,2025-10-15
S13-250800009^10,10,43780193,20.0,2025-10-15
S13-250800009^11,11,43780112,50.0,2025-10-15
S13-250800009^12,12,32100372,100.0,2025-10-15
S13-250800009^13,13,32100373,200.0,2025-10-15
S13-250800009^14,14,32100290,50.0,2025-10-15
S13-250800009^15,15,32100290,50.0,2025-10-15
S13-250800009^2,2,30500711,50.0,2025-10-15
S13-250800009^3,3,30500712,25.0,2025-10-15
S13-250800009^4,4,30500713,50.0,2025-10-15
S13-250800009^5,5,30500715,20.0,2025-10-15
S13-250800009^6,6,30500716,20.0,2025-10-15
S13-250800009^7,7,30500835,20.0,2025-10-15
S13-250800009^8,8,43780127,20.0,2025-10-15
S13-250800009^9,9,43780128,50.0,2025-10-15
S13-250800033^3,3,75145218,200.0,2025-10-15
S13-250800033^4,4,75145219,200.0,2025-10-15
S1A-250800011^1,1,P30141ARTW,5.0,2025-10-15
T20-000965899^0,0,30303434,30.0,2025-10-15
T20-000965900^0,0,32103219,30.0,2025-10-15
T20-000965901^0,0,32103237,30.0,2025-10-15
S11-250800011^1,1,P3278-BBMUB,56.0,2025-10-15
S11-250800011^2,2,P3278-ARMUB,100.0,2025-10-15
S12-250900013^1,1,22720159,1.0,2025-10-15
T20-000966679^0,0,30303311,50.0,2025-10-15
T20-000966680^0,0,30326001,40.0,2025-10-15
T20-000966681^0,0,30326002,40.0,2025-10-15
T20-000966682^0,0,30326003,40.0,2025-10-15
T20-000966683^0,0,30326004,40.0,2025-10-15
T20-000966684^0,0,30326005,50.0,2025-10-15
T20-000966685^0,0,32126001,50.0,2025-10-15
T20-000966686^0,0,33526003,40.0,2025-10-15
T20-000966687^0,0,33526004,40.0,2025-10-15
T20-000966688^0,0,33526005,40.0,2025-10-15
S12-250900013^2,2,46781323,106.0,2025-10-15
S13-250800039^1,1,41780049,20.0,2025-10-16
S13-250800039^2,2,61230024,50.0,2025-10-16
S13-250800039^3,3,46781071,10.0,2025-10-16
S13-250800039^4,4,46781070,10.0,2025-10-16
S13-250800039^5,5,66110011,60.0,2025-10-16
S13-250800039^6,6,75171354,100.0,2025-10-16
S13-250800039^7,7,34200311,10.0,2025-10-16
S13-250800039^8,8,62009107,3.0,2025-10-16
S1A-250900007^1,1,37200468,1.0,2025-10-16
S1A-250900007^10,10,37298021,21.0,2025-10-16
S1A-250900007^11,11,37298022,1.0,2025-10-16
S1A-250900007^12,12,37298020,1.0,2025-10-16
S1A-250900007^5,5,37298012,2.0,2025-10-16
S1A-250900007^8,8,32200661,1.0,2025-10-16
S1A-250900007^9,9,37298019,4.0,2025-10-16
S1A-250900007^14,14,37298018,1.0,2025-10-16
S1A-250900007^2,2,46781107,1413.0,2025-10-16
S1A-250900007^3,3,63980147,30.0,2025-10-16
S1A-250900007^4,4,61218045,7.0,2025-10-16
S1A-250900007^7,7,E60426WTTWB,1.0,2025-10-16
S11-250800025^1,1,S33712SVPG,3.0,2025-10-17
S11-250800025^2,2,S33712ARPG,3.0,2025-10-17
S11-250800025^3,3,S542--YLPGB,5.0,2025-10-17
S11-250800025^4,4,S930AFSVPG,2.0,2025-10-17
S11-250800025^5,5,S14816ARPG,36.0,2025-10-17
S11-250800025^6,6,S14816SVPG,18.0,2025-10-17
S13-250800008^28,28,32100373,140.0,2025-10-17
S13-250800009^1,1,33300514,100.0,2025-10-17
S13-250800009^16,16,33300499,50.0,2025-10-17
S19-250800001^1,1,32000587,100.0,2025-10-17
S19-250800001^10,10,45700188,150.0,2025-10-17
S19-250800001^11,11,32000598,50.0,2025-10-17
S19-250800001^12,12,32000604,50.0,2025-10-17
S19-250800001^13,13,32000593,150.0,2025-10-17
S19-250800001^2,2,32000588,100.0,2025-10-17
S19-250800001^3,3,32000589,100.0,2025-10-17
S19-250800001^4,4,32000590,100.0,2025-10-17
S19-250800001^5,5,32000555,450.0,2025-10-17
S19-250800001^6,6,32000591,200.0,2025-10-17
S19-250800001^7,7,32000592,150.0,2025-10-17
S19-250800001^8,8,32000594,250.0,2025-10-17
S19-250800001^9,9,45700187,300.0,2025-10-17
S13-250900018^1,1,30510554,5.0,2025-10-17
S13-250900018^10,10,63700043,40.0,2025-10-17
S13-250900018^11,11,61090034,15.0,2025-10-17
S13-250900018^12,12,30519370,2.0,2025-10-17
S13-250900018^13,13,30519369,2.0,2025-10-17
S13-250900018^14,14,42500149,10.0,2025-10-17
S13-250900018^15,15,42500148,10.0,2025-10-17
S13-250900018^16,16,43690317,1.0,2025-10-17
S13-250900018^17,17,30510234,4.0,2025-10-17
S13-250900018^18,18,43600508,4.0,2025-10-17
S13-250900018^19,19,30303202,10.0,2025-10-17
S13-250900018^2,2,30519523,5.0,2025-10-17
S13-250900018^20,20,30303203,10.0,2025-10-17
S13-250900018^21,21,62109067,6.0,2025-10-17
S13-250900018^22,22,32600092,6.0,2025-10-17
S13-250900018^23,23,33100727,4.0,2025-10-17
S13-250900018^24,24,32200147,8.0,2025-10-17
S13-250900018^25,25,63164405,2.0,2025-10-17
S13-250900018^26,26,63300055,2.0,2025-10-17
S13-250900018^27,27,75144101,10.0,2025-10-17
S13-250900018^28,28,61220006,15.0,2025-10-17
S13-250900018^3,3,33700687,1.0,2025-10-17
S13-250900018^4,4,30500189,2.0,2025-10-17
S13-250900018^5,5,30510537,5.0,2025-10-17
S13-250900018^6,6,43601737,1.0,2025-10-17
S13-250900018^7,7,64520011,2.0,2025-10-17
S13-250900018^8,8,41780053,2.0,2025-10-17
S13-250900028^7,7,30500322,50.0,2025-10-17
S15-250900002^1,1,33500769,1.0,2025-10-17
S15-250900002^2,2,65142025,2.0,2025-10-17
S15-250900002^3,3,63600021,2.0,2025-10-17
S1A-250900005^1,1,33903005,5.0,2025-10-17
S1A-250900005^10,10,34100232,2.0,2025-10-17
S1A-250900005^11,11,42500255,4.0,2025-10-17
S1A-250900005^12,12,44600115,10.0,2025-10-17
S1A-250900005^13,13,44689133,20.0,2025-10-17
S1A-250900005^14,14,53300028,10.0,2025-10-17
S1A-250900005^15,15,61010048,3.0,2025-10-17
S1A-250900005^16,16,61108280,2.0,2025-10-17
S1A-250900005^2,2,33400313,3.0,2025-10-17
S1A-250900005^3,3,34200119,3.0,2025-10-17
S1A-250900005^4,4,41200536,3.0,2025-10-17
S1A-250900005^5,5,41280572,2.0,2025-10-17
S1A-250900005^6,6,63453057,2.0,2025-10-17
S1A-250900005^7,7,34100229,2.0,2025-10-17
S1A-250900005^8,8,34100230,3.0,2025-10-17
S1A-250900005^9,9,34100231,2.0,2025-10-17
S13-250900018^29,29,44600143,16.0,2025-10-17
S14-250800001^2,2,62010056,1.0,2025-10-17
S14-250800001^3,3,62020056,1.0,2025-10-17
S14-250800001^4,4,62012032,21.0,2025-10-17
S14-250800001^5,5,62022032,21.0,2025-10-17
S13-250700024^1,1,33700256,10.0,2025-10-17
S13-250700024^10,10,31000394,4.0,2025-10-17
S13-250700024^11,11,61188015,10.0,2025-10-17
S13-250700024^12,12,30506851,8.0,2025-10-17
S13-250700024^13,13,30506850,8.0,2025-10-17
S13-250700024^14,14,30500426,8.0,2025-10-17
S13-250700024^15,15,44689112,10.0,2025-10-17
S13-250700024^16,16,62109051,4.0,2025-10-17
S13-250700024^17,17,43780123,2.0,2025-10-17
S13-250700024^18,18,61108248,8.0,2025-10-17
S13-250700024^19,19,63345605,4.0,2025-10-17
S13-250700024^2,2,44689128,10.0,2025-10-17
S13-250700024^20,20,63745602,4.0,2025-10-17
S13-250700024^21,21,39900308,10.0,2025-10-17
S13-250700024^22,22,61090063,10.0,2025-10-17
S13-250700024^23,23,62112017,4.0,2025-10-17
S13-250700024^24,24,62012061,4.0,2025-10-17
S13-250700024^25,25,33700279,10.0,2025-10-17
S13-250700024^3,3,44689129,10.0,2025-10-17
S13-250700024^4,4,43780254,10.0,2025-10-17
S13-250700024^5,5,30300751,3.0,2025-10-17
S13-250700024^6,6,33700687,8.0,2025-10-17
S13-250700024^7,7,65100413,8.0,2025-10-17
S13-250700024^8,8,61220015,10.0,2025-10-17
S13-250700024^9,9,31000393,4.0,2025-10-17
S15-250900002^4,4,33503013,1.0,2025-10-17
S13-241000039^11,11,36000976,250.0,2025-10-20
S11-250800021^1,1,S846EBSGVA21,14.0,2025-10-20
S11-250800021^2,2,S846EBSDVA21,12.0,2025-10-20
S11-250800021^3,3,S846EBGMVA21,12.0,2025-10-20
S11-250800021^4,4,S846EBARVA21,12.0,2025-10-20
S11-250800021^5,5,S846EBDBVA21,10.0,2025-10-20
S11-250800021^6,6,S846EBDGVA21,12.0,2025-10-20
T20-000957432^0,0,43690700,600.0,2025-10-20
T20-000962542^0,0,30603110,2000.0,2025-10-20
S11-250500042^1,1,P325D4SDCEB1P,2.0,2025-10-21
S11-250500042^10,10,62020129,1.0,2025-10-21
S11-250500042^11,11,33700304,1.0,2025-10-21
S11-250500042^12,12,63230702,1.0,2025-10-21
S11-250500042^13,13,43601287,2.0,2025-10-21
S11-250500042^14,14,53206005,2.0,2025-10-21
S11-250500042^15,15,53106002,2.0,2025-10-21
S11-250500042^16,16,50306016,2.0,2025-10-21
S11-250500042^17,17,39922034,8.0,2025-10-21
S11-250500042^18,18,39922033,5.0,2025-10-21
S11-250500042^19,19,30200724,2.0,2025-10-21
S11-250500042^2,2,P325D4SDCEB2P,1.0,2025-10-21
S11-250500042^20,20,32200761,1.0,2025-10-21
S11-250500042^21,21,32200761,1.0,2025-10-21
S11-250500042^22,22,32100372,2.0,2025-10-21
S11-250500042^23,23,32100373,2.0,2025-10-21
S11-250500042^24,24,33300559,2.0,2025-10-21
S11-250500042^25,25,33300473,2.0,2025-10-21
S11-250500042^26,26,43780391,1.0,2025-10-21
S11-250500042^27,27,43780392,1.0,2025-10-21
S11-250500042^28,28,43780310,1.0,2025-10-21
S11-250500042^29,29,43780169,1.0,2025-10-21
S11-250500042^30,30,H103--DBCE,100.0,2025-10-21
S11-250500042^5,5,P213F1SDCEB1,20.0,2025-10-21
S11-250500042^6,6,33100611,3.0,2025-10-21
S11-250500042^7,7,62022026,1.0,2025-10-21
S11-250500042^8,8,62012026,1.0,2025-10-21
S11-250500042^9,9,61218032,30.0,2025-10-21
S11-250800016^1,1,S747--SWFBB,48.0,2025-10-21
S1A-250800016^1,1,E606--WTTWB1,5.0,2025-10-21
S1A-250800016^2,2,E606--WTTWB2,5.0,2025-10-21
S10-250800007^1,1,37200475,1.0,2025-10-21
S13-250900015^1,1,30514193,15.0,2025-10-21
S13-250900015^2,2,30550321,15.0,2025-10-21
S13-250900015^3,3,30554068,15.0,2025-10-21
S13-250900015^4,4,63700048,20.0,2025-10-21
S13-250900015^5,5,46781270,5.0,2025-10-21
S13-250900015^6,6,46781268,5.0,2025-10-21
S13-250900015^7,7,30300669,10.0,2025-10-21
S13-250900015^8,8,30300668,10.0,2025-10-21
S13-250900015^9,9,33700497,20.0,2025-10-21
S13-250900065^1,1,62400026,2.0,2025-10-21
S11-250800010^1,1,P326ABARMUB,25.0,2025-10-22
S11-250800014^1,1,30200593,30.0,2025-10-22
S11-250800014^2,2,32200739,30.0,2025-10-22
S11-250800014^3,3,P32740SBMUB,30.0,2025-10-22
S11-250800014^4,4,P32740ARMUB,20.0,2025-10-22
S11-250800014^5,5,66110026,60.0,2025-10-22
S13-250800008^29,29,32100388,150.0,2025-10-22
S13-250800011^1,1,63270419,550.0,2025-10-22
S13-250800011^2,2,61128013,275.0,2025-10-22
S13-250800011^3,3,23330038,275.0,2025-10-22
S13-250800011^4,4,41300487,550.0,2025-10-22
S13-250800011^5,5,62012032,275.0,2025-10-22
S13-250800011^6,6,62022032,275.0,2025-10-22
S13-250800048^1,1,41780059,40.0,2025-10-22
S13-250800048^2,2,41780060,40.0,2025-10-22
S13-250900011^1,1,32600564,400.0,2025-10-22
S13-250900011^10,10,75145218,200.0,2025-10-22
S13-250900011^11,11,75145219,200.0,2025-10-22
S13-250900011^12,12,61090080,200.0,2025-10-22
S13-250900011^13,13,44600526,200.0,2025-10-22
S13-250900011^14,14,62009129,200.0,2025-10-22
S13-250900011^2,2,32600565,400.0,2025-10-22
S13-250900011^3,3,43600661,200.0,2025-10-22
S13-250900011^4,4,43600662,200.0,2025-10-22
S13-250900011^5,5,43701268,200.0,2025-10-22
S13-250900011^6,6,43701269,200.0,2025-10-22
S13-250900011^7,7,45700130,400.0,2025-10-22
S13-250900011^8,8,53400030,400.0,2025-10-22
S13-250900011^9,9,61220011,200.0,2025-10-22
S11-250700029^1,1,30200797,186.0,2025-10-22
S1A-251000001^1,1,37200467,1.0,2025-10-22
S1A-251000001^11,11,37298021,11.0,2025-10-22
S1A-251000001^13,13,37298020,4.0,2025-10-22
S1A-251000001^2,2,46781107,847.0,2025-10-22
S1A-251000001^3,3,63980147,20.0,2025-10-22
S1A-251000001^4,4,61218045,7.0,2025-10-22
S1A-251000001^5,5,37298012,2.0,2025-10-22
S1A-251000001^6,6,E60416WTTWB,1.0,2025-10-22
S1A-251000001^7,7,32200661,1.0,2025-10-22
S1A-251000001^9,9,37298019,2.0,2025-10-22
S13-250800008^30,30,32100373,140.0,2025-10-23
S13-250900007^1,1,62009180,4.0,2025-10-23
S1D-250900001^1,1,32200777,1.0,2025-10-23
S10-250900007^1,1,62001304,1.0,2025-10-23
S10-250900007^2,2,22030488,1.0,2025-10-23
S10-250900007^4,4,33500790,1.0,2025-10-23
S10-250900009^1,1,22030570,25.0,2025-10-23
S10-250900009^2,2,32103219,30.0,2025-10-23
S10-250900009^3,3,30303434,30.0,2025-10-23
S10-250900009^4,4,32103237,30.0,2025-10-23
S10-250900013^1,1,30326001,40.0,2025-10-23
S10-250900013^10,10,30303311,50.0,2025-10-23
S10-250900013^2,2,30326003,40.0,2025-10-23
S10-250900013^3,3,30326002,40.0,2025-10-23
S10-250900013^4,4,30326004,40.0,2025-10-23
S10-250900013^5,5,30326005,50.0,2025-10-23
S10-250900013^6,6,32126001,50.0,2025-10-23
S10-250900013^7,7,33526003,40.0,2025-10-23
S10-250900013^8,8,33526004,40.0,2025-10-23
S10-250900013^9,9,33526005,40.0,2025-10-23
S10-250900007^3,3,63270419,1.0,2025-10-23
S10-250900008^1,1,62109078,1.0,2025-10-23
S13-250900057^1,1,62400077,14.0,2025-10-23
S19-250900001^1,1,RC183APMU,50.0,2025-10-23
S19-250900001^2,2,RC202APMU,100.0,2025-10-23
S19-250900001^3,3,RC222APMU,100.0,2025-10-23
S19-250900001^4,4,RP222APMU,25.0,2025-10-23
S19-250900001^5,5,RC184APMU1,25.0,2025-10-23
S1A-250900022^1,1,32200698,10.0,2025-10-23
S13-250800008^31,31,33300514,50.0,2025-10-24
S19-250800002^1,1,43780381,100.0,2025-10-24
S19-250800002^1,1,43780381,200.0,2025-10-24
S1A-250900010^3,3,41300082,1.0,2025-10-24
S1A-250900010^4,4,41380188,3.0,2025-10-24
S1A-250900010^5,5,43601377,2.0,2025-10-24
S1A-250900010^6,6,43690177,2.0,2025-10-24
S1A-250900010^7,7,64510007,1.0,2025-10-24
S1A-250900010^8,8,30514126,5.0,2025-10-24
S1A-250900010^9,9,30541204,1.0,2025-10-24
S1A-250900014^3,3,30300466,1.0,2025-10-24
S1A-250900014^4,4,44600119,8.0,2025-10-24
S1A-250900014^5,5,63230702,2.0,2025-10-24
S1A-250900014^6,6,44689070,5.0,2025-10-24
S1A-250900014^7,7,64120023,1.0,2025-10-24
S1A-250900014^8,8,33700687,1.0,2025-10-24
S13-241000039^12,12,36000976,250.0,2025-10-27
S13-250900052^1,1,63980192,30.0,2025-10-27
S13-250900054^1,1,63300028,30.0,2025-10-27
S13-250900003^1,1,34000079,10.0,2025-10-28
S13-250900003^2,2,33700320,5.0,2025-10-28
S13-250900004^1,1,39960156,15.0,2025-10-28
S13-250900004^2,2,62103021,20.0,2025-10-28
S13-250900004^3,3,62001282,10.0,2025-10-28
S13-250900004^4,4,61120087,50.0,2025-10-28
S13-250900004^5,5,54300008,10.0,2025-10-28
S13-250900009^1,1,62001282,600.0,2025-10-28
S13-250900030^1,1,39900207,20.0,2025-10-28
S13-250900039^1,1,34000079,20.0,2025-10-28
S13-250900039^2,2,33700320,10.0,2025-10-28
S10-250900010^1,1,22040164,3.0,2025-10-28
S13-250900043^1,1,62101265,20.0,2025-10-28
S13-250900043^2,2,62103007,6.0,2025-10-28
S11-250800006^1,1,30200715,99.0,2025-10-29
S11-250800006^2,2,32200741,99.0,2025-10-29
S11-250800006^3,3,66110026,198.0,2025-10-29
S11-250800008^1,1,32200742,99.0,2025-10-29
S11-250800008^2,2,30500746,99.0,2025-10-29
S11-250800008^3,3,66110026,198.0,2025-10-29
S13-250900032^1,1,62009116,10.0,2025-10-29
S13-250900032^2,2,46781074,5.0,2025-10-29
S13-250900037^1,1,62001265,48.0,2025-10-29
S13-250900037^2,2,62201265,5.0,2025-10-29
S13-250900037^3,3,62101265,10.0,2025-10-29
S13-250900037^4,4,62300036,10.0,2025-10-29
S13-250900053^1,1,70171662,1000.0,2025-10-29
S11-250800042^1,1,S637--SGFBB,40.0,2025-10-30
S11-250800042^2,2,S637--SPFBB,14.0,2025-10-30
S10-250900002^1,1,37200533,1.0,2025-10-30
S10-250900002^2,2,37200535,1.0,2025-10-30
S13-250900036^1,1,30300668,30.0,2025-10-30
S13-250900036^10,10,30303186,5.0,2025-10-30
S13-250900036^11,11,30303187,10.0,2025-10-30
S13-250900036^12,12,30510200,2.0,2025-10-30
S13-250900036^13,13,30536263,2.0,2025-10-30
S13-250900036^14,14,30543149,15.0,2025-10-30
S13-250900036^15,15,30550153,5.0,2025-10-30
S13-250900036^16,16,30552122,5.0,2025-10-30
S13-250900036^17,17,30552135,6.0,2025-10-30
S13-250900036^18,18,31000343,10.0,2025-10-30
S13-250900036^19,19,32222085,30.0,2025-10-30
S13-250900036^2,2,30300669,10.0,2025-10-30
S13-250900036^20,20,32228057,6.0,2025-10-30
S13-250900036^21,21,33100915,5.0,2025-10-30
S13-250900036^22,22,33503021,50.0,2025-10-30
S13-250900036^23,23,33503171,5.0,2025-10-30
S13-250900036^24,24,33710008,20.0,2025-10-30
S13-250900036^25,25,34000112,5.0,2025-10-30
S13-250900036^26,26,34200322,10.0,2025-10-30
S13-250900036^27,27,39900097,40.0,2025-10-30
S13-250900036^28,28,39903130,10.0,2025-10-30
S13-250900036^29,29,39905102,200.0,2025-10-30
S13-250900036^3,3,30300716,80.0,2025-10-30
S13-250900036^30,30,39905129,200.0,2025-10-30
S13-250900036^31,31,39905130,200.0,2025-10-30
S13-250900036^32,32,39905133,75.0,2025-10-30
S13-250900036^33,33,39905173,10.0,2025-10-30
S13-250900036^34,34,39921063,5.0,2025-10-30
S13-250900036^35,35,39926006,10.0,2025-10-30
S13-250900036^36,36,39937113,100.0,2025-10-30
S13-250900036^37,37,39937211,5.0,2025-10-30
S13-250900036^38,38,41200191,10.0,2025-10-30
S13-250900036^39,39,41200307,15.0,2025-10-30
S13-250900036^4,4,30302004,10.0,2025-10-30
S13-250900036^40,40,41300082,150.0,2025-10-30
S13-250900036^41,41,41300088,40.0,2025-10-30
S13-250900036^42,42,41300415,20.0,2025-10-30
S13-250900036^43,43,41380535,250.0,2025-10-30
S13-250900036^44,44,41500025,20.0,2025-10-30
S13-250900036^45,45,41700411,10.0,2025-10-30
S13-250900036^46,46,42600001,100.0,2025-10-30
S13-250900036^47,47,43600270,30.0,2025-10-30
S13-250900036^48,48,43780254,50.0,2025-10-30
S13-250900036^49,49,44689070,120.0,2025-10-30
S13-250900036^5,5,30303007,35.0,2025-10-30
S13-250900036^50,50,46700006,40.0,2025-10-30
S13-250900036^51,51,46700008,30.0,2025-10-30
S13-250900036^52,52,61100069,5.0,2025-10-30
S13-250900036^53,53,61138019,15.0,2025-10-30
S13-250900036^54,54,61200158,10.0,2025-10-30
S13-250900036^55,55,61230024,5.0,2025-10-30
S13-250900036^56,56,61230135,10.0,2025-10-30
S13-250900036^57,57,62101300,50.0,2025-10-30
S13-250900036^58,58,62109095,10.0,2025-10-30
S13-250900036^59,59,62109099,50.0,2025-10-30
S13-250900036^6,6,30303022,25.0,2025-10-30
S13-250900036^60,60,62201205,25.0,2025-10-30
S13-250900036^61,61,62201259,20.0,2025-10-30
S13-250900036^62,62,62201263,10.0,2025-10-30
S13-250900036^63,63,62300010,15.0,2025-10-30
S13-250900036^64,64,62409046,30.0,2025-10-30
S13-250900036^65,65,63370420,15.0,2025-10-30
S13-250900036^66,66,64520009,10.0,2025-10-30
S13-250900036^67,67,65100010,10.0,2025-10-30
S13-250900036^68,68,42700013,5.0,2025-10-30
S13-250900036^7,7,30303062,150.0,2025-10-30
S13-250900036^8,8,30303101,20.0,2025-10-30
S13-250900036^9,9,30303102,30.0,2025-10-30
S13-250900036^69,69,30550330,2.0,2025-10-30
S13-250900041^1,1,30519611,2.0,2025-10-30
S13-250900036^40,40,41380555,150.0,2025-10-30
S13-250800008^32,32,33300514,150.0,2025-10-31
S13-250800008^33,33,32100373,140.0,2025-10-31
S11-250800032^1,1,S846EBSPSW01,20.0,2025-10-31
S11-250800032^10,10,34103250,20.0,2025-10-31
S11-250800032^11,11,S846EBBGSW01,4.0,2025-10-31
S11-250800032^12,12,S840FBSPSW01,8.0,2025-10-31
S11-250800032^2,2,S840GBDRSW2,10.0,2025-10-31
S11-250800032^3,3,S941A2LGSW,6.0,2025-10-31
S11-250800032^4,4,S946A4DGSWB,9.0,2025-10-31
S11-250800032^5,5,P32762BBSW,8.0,2025-10-31
S11-250800032^6,6,R60120ED20,8.0,2025-10-31
S11-250800032^7,7,39906012,8.0,2025-10-31
S11-250800032^8,8,39900223,8.0,2025-10-31
S11-250800032^9,9,34103249,20.0,2025-10-31
S11-250800034^1,1,S344B3BGSW,12.0,2025-10-31
S11-250800034^2,2,S946A3LBSWB,6.0,2025-10-31
S11-250800034^3,3,S941A2SRSW,15.0,2025-10-31
S11-250800034^4,4,S846C2SPSW,10.0,2025-10-31
S11-250800034^5,5,S846C2BGSW,5.0,2025-10-31
S11-250800034^6,6,S846EBDGSW01,12.0,2025-10-31
S11-250800041^1,1,S344B3BGSW,6.0,2025-10-31
S11-250800041^10,10,S840GBTLSW2,7.0,2025-10-31
S11-250800041^11,11,S840GBDRSW2,7.0,2025-10-31
S11-250800041^12,12,S846EBSPSW01,6.0,2025-10-31
S11-250800041^13,13,S846EBDGSW01,6.0,2025-10-31
S11-250800041^14,14,S840FBSPSW01,5.0,2025-10-31
S11-250800041^15,15,S840FBDGSW01,5.0,2025-10-31
S11-250800041^17,17,33700664,30.0,2025-10-31
S11-250800041^2,2,S344B3DRSW,6.0,2025-10-31
S11-250800041^3,3,P32762BBSW,9.0,2025-10-31
S11-250800041^4,4,R60120ED20,9.0,2025-10-31
S11-250800041^5,5,39906012,9.0,2025-10-31
S11-250800041^6,6,39900223,9.0,2025-10-31
S11-250800041^7,7,39905199,5.0,2025-10-31
S11-250800041^8,8,34103250,10.0,2025-10-31
S11-250800041^9,9,34103249,10.0,2025-10-31
S11-250800038^1,1,S344B3DRSW,16.0,2025-10-31
S11-250800038^2,2,S846C2SRSW,15.0,2025-10-31
S11-250800038^3,3,S941A2SGSW,9.0,2025-10-31
S11-250800038^4,4,P330-5BBSW,8.0,2025-10-31
S11-250800038^5,5,P326ALBBSW,8.0,2025-10-31
S11-250800038^6,6,S840GBTLSW2,6.0,2025-10-31
S11-250800041^16,16,65000085,30.0,2025-10-31
S11-250900025^1,1,34200313,8.0,2025-10-31
S11-250900025^2,2,S542--WRSWB,6.0,2025-10-31
S11-250900026^1,1,34200313,8.0,2025-10-31
S11-250900026^2,2,S542--YLSWB,6.0,2025-10-31
S13-250900001^1,1,33100734,20.0,2025-10-31
S13-250900001^10,10,30540111,1.0,2025-10-31
S13-250900001^11,11,43780123,1.0,2025-10-31
S13-250900001^12,12,41700096,4.0,2025-10-31
S13-250900001^13,13,63680022,4.0,2025-10-31
S13-250900001^14,14,63334501,20.0,2025-10-31
S13-250900001^15,15,30500346,10.0,2025-10-31
S13-250900001^16,16,61120085,20.0,2025-10-31
S13-250900001^17,17,41300366,10.0,2025-10-31
S13-250900001^18,18,43700292,10.0,2025-10-31
S13-250900001^19,19,43701072,10.0,2025-10-31
S13-250900001^2,2,44689070,20.0,2025-10-31
S13-250900001^20,20,43690242,20.0,2025-10-31
S13-250900001^21,21,43690241,20.0,2025-10-31
S13-250900001^22,22,43690196,5.0,2025-10-31
S13-250900001^23,23,30510463,1.0,2025-10-31
S13-250900001^24,24,33400312,10.0,2025-10-31
S13-250900001^25,25,46781037,20.0,2025-10-31
S13-250900001^26,26,62201206,4.0,2025-10-31
S13-250900001^27,27,65140215,20.0,2025-10-31
S13-250900001^28,28,32600006,2.0,2025-10-31
S13-250900001^29,29,61100069,10.0,2025-10-31
S13-250900001^3,3,44689066,60.0,2025-10-31
S13-250900001^30,30,33700687,4.0,2025-10-31
S13-250900001^31,31,43620030,20.0,2025-10-31
S13-250900001^32,32,62012017,6.0,2025-10-31
S13-250900001^33,33,62022017,6.0,2025-10-31
S13-250900001^34,34,32228057,4.0,2025-10-31
S13-250900001^35,35,63180075,2.0,2025-10-31
S13-250900001^36,36,30540150,1.0,2025-10-31
S13-250900001^37,37,30550254,1.0,2025-10-31
S13-250900001^38,38,30400424,10.0,2025-10-31
S13-250900001^39,39,61090063,20.0,2025-10-31
S13-250900001^4,4,43690562,20.0,2025-10-31
S13-250900001^40,40,41300570,5.0,2025-10-31
S13-250900001^41,41,33700470,3.0,2025-10-31
S13-250900001^42,42,61108261,2.0,2025-10-31
S13-250900001^43,43,43700277,40.0,2025-10-31
S13-250900001^44,44,32228050,1.0,2025-10-31
S13-250900001^45,45,30400464,2.0,2025-10-31
S13-250900001^46,46,30400463,2.0,2025-10-31
S13-250900001^47,47,32228080,2.0,2025-10-31
S13-250900001^48,48,30521066,1.0,2025-10-31
S13-250900001^49,49,62100110,1.0,2025-10-31
S13-250900001^5,5,44600134,20.0,2025-10-31
S13-250900001^50,50,33000145,40.0,2025-10-31
S13-250900001^51,51,44600306,50.0,2025-10-31
S13-250900001^52,52,62300010,4.0,2025-10-31
S13-250900001^53,53,62022076,1.0,2025-10-31
S13-250900001^54,54,61200158,20.0,2025-10-31
S13-250900001^55,55,43620030,20.0,2025-10-31
S13-250900001^56,56,33100726,8.0,2025-10-31
S13-250900001^57,57,33358017,5.0,2025-10-31
S13-250900001^58,58,62400025,200.0,2025-10-31
S13-250900001^59,59,61108213,10.0,2025-10-31
S13-250900001^6,6,61010047,10.0,2025-10-31
S13-250900001^60,60,43690767,10.0,2025-10-31
S13-250900001^61,61,62012054,1.0,2025-10-31
S13-250900001^62,62,61020010,10.0,2025-10-31
S13-250900001^63,63,33700655,10.0,2025-10-31
S13-250900001^64,64,63980186,10.0,2025-10-31
S13-250900001^7,7,61020010,20.0,2025-10-31
S13-250900001^8,8,30510449,1.0,2025-10-31
S13-250900001^9,9,30529062,2.0,2025-10-31
S10-251000001^1,1,37202032,1.0,2025-10-31
S10-251000001^2,2,37202031,1.0,2025-10-31
S13-241000039^1,1,36000976,250.0,2025-11-03
S13-241000039^10,10,43780254,125.0,2025-11-03
S13-241000039^2,2,42600001,500.0,2025-11-03
S13-241000039^3,3,39905102,375.0,2025-11-03
S13-241000039^4,4,39900234,300.0,2025-11-03
S13-241000039^5,5,39905132,225.0,2025-11-03
S13-241000039^6,6,39937113,225.0,2025-11-03
S13-241000039^9,9,62409046,150.0,2025-11-03
S13-241000043^1,1,39905133,125.0,2025-11-03
S13-241000043^10,10,34200334,90.0,2025-11-03
S13-241000043^11,11,33503013,90.0,2025-11-03
S13-241000043^12,12,63700036,75.0,2025-11-03
S13-241000043^14,14,39900242,75.0,2025-11-03
S13-241000043^15,15,32228057,75.0,2025-11-03
S13-241000043^2,2,33500799,115.0,2025-11-03
S13-241000043^3,3,39900145,115.0,2025-11-03
S13-241000043^5,5,63270420,200.0,2025-11-03
S13-241000043^6,6,39900220,100.0,2025-11-03
S13-241000043^8,8,43700539,100.0,2025-11-03
S13-241000043^9,9,43780088,100.0,2025-11-03
S13-241000047^10,10,33710008,50.0,2025-11-03
S13-241000047^11,11,34000085,50.0,2025-11-03
S13-241000047^12,12,41780096,50.0,2025-11-03
S13-241000047^13,13,43700548,50.0,2025-11-03
S13-241000047^14,14,39905129,50.0,2025-11-03
S13-241000047^15,15,39905130,50.0,2025-11-03
S13-241000047^3,3,30543149,65.0,2025-11-03
S13-241000047^4,4,61110005,55.0,2025-11-03
S13-241000047^5,5,39937080,50.0,2025-11-03
S13-241000047^7,7,62302039,50.0,2025-11-03
S13-241000047^8,8,39905138,50.0,2025-11-03
S13-241000047^9,9,61020023,50.0,2025-11-03
S13-241000052^1,1,30543151,45.0,2025-11-03
S13-241000052^10,10,62009092,40.0,2025-11-03
S13-241000052^2,2,39937191,45.0,2025-11-03
S13-241000052^3,3,41780028,45.0,2025-11-03
S13-241000052^4,4,41300082,40.0,2025-11-03
S13-241000052^5,5,39900231,40.0,2025-11-03
S13-241000052^7,7,62009061,40.0,2025-11-03
S13-241000052^8,8,39937127,40.0,2025-11-03
S13-241000059^1,1,31000090,35.0,2025-11-03
S13-241000059^10,10,61020011,22.0,2025-11-03
S13-241000059^11,11,61090063,22.0,2025-11-03
S13-241000059^12,12,39937132,20.0,2025-11-03
S13-241000059^14,14,39937083,18.0,2025-11-03
S13-241000059^15,15,61108259,15.0,2025-11-03
S13-241000059^17,17,62201259,15.0,2025-11-03
S13-241000059^18,18,32600497,12.0,2025-11-03
S13-241000059^19,19,39937128,12.0,2025-11-03
S13-241000059^20,20,62109044,12.0,2025-11-03
S13-241000059^22,22,62201205,10.0,2025-11-03
S13-241000059^24,24,32600538,10.0,2025-11-03
S13-241000059^25,25,33500795,10.0,2025-11-03
S13-241000059^3,3,34200258,33.0,2025-11-03
S13-241000059^4,4,30543254,25.0,2025-11-03
S13-241000059^5,5,39900097,25.0,2025-11-03
S13-241000059^6,6,31000089,25.0,2025-11-03
S13-241000059^8,8,62109071,25.0,2025-11-03
S13-241000059^9,9,32600537,22.0,2025-11-03
S1A-241200022^1,1,SP64H5ARXF,3.0,2025-11-03
S1A-241200022^2,2,SP64H5ARXF1,7.0,2025-11-03
S1A-241200022^3,3,32200262,7.0,2025-11-03
S1A-241200022^2,2,SP64H5ARXF1,10.0,2025-11-03
S1A-241200022^3,3,32200262,10.0,2025-11-03
S1A-241200022^4,4,32200698,10.0,2025-11-03
T20-000962544^0,0,30303199,500.0,2025-11-03
T20-000965519^0,0,43690700,300.0,2025-11-03
T20-000965521^0,0,43690584,300.0,2025-11-03
S12-250900007^1,1,33100877,2.0,2025-11-03
S12-250900007^13,13,33300595,1.0,2025-11-03
S12-250900007^14,14,34100364,1.0,2025-11-03
S12-250900007^15,15,34100363,1.0,2025-11-03
S12-250900007^6,6,31310089,1.0,2025-11-03
S12-250900007^7,7,32103301,1.0,2025-11-03
S12-250900007^8,8,32103302,1.0,2025-11-03
S12-250900007^9,9,32100079,1.0,2025-11-03
S12-250900007^10,10,53108019,1.0,2025-11-03
S12-250900007^11,11,41300416,1.0,2025-11-03
S12-250900007^12,12,51108003,1.0,2025-11-03
S12-250900007^2,2,41300206,2.0,2025-11-03
S12-250900007^3,3,41300151,2.0,2025-11-03
S12-250900007^4,4,53110007,4.0,2025-11-03
S12-250900007^5,5,50310002,4.0,2025-11-03
S1A-250900021^2,2,32600635,2.0,2025-11-03
S1A-250900021^3,3,63453057,1.0,2025-11-03
S1A-250900021^4,4,33700497,1.0,2025-11-03
S11-250900015^1,1,30200715,99.0,2025-11-05
S11-250900015^2,2,32200741,99.0,2025-11-05
S11-250900015^3,3,66110026,198.0,2025-11-05
S11-250900017^1,1,32200742,99.0,2025-11-05
S11-250900017^2,2,30500746,99.0,2025-11-05
S11-250900017^3,3,66110026,198.0,2025-11-05
S13-250900019^1,1,33300514,100.0,2025-11-05
S1A-241200023^1,1,S14710ARXF,10.0,2025-11-07
S1A-241200023^2,2,S14710OTXF,5.0,2025-11-07
S1A-241200023^3,3,32200698,10.0,2025-11-07
S1A-241200023^4,4,32200262,5.0,2025-11-07
S13-250900013^1,1,32100372,100.0,2025-11-07
S13-250900013^2,2,32100373,150.0,2025-11-07
S15-250800015^1,1,65100002,1.0,2025-11-07
S15-250800015^2,2,61110041,1.0,2025-11-07
S15-250800015^3,3,62109016,1.0,2025-11-07
S1A-250900009^1,1,S14170ARTW,10.0,2025-11-07
S1A-250900009^2,2,S840A0ARTW,5.0,2025-11-07
S1A-250900009^3,3,S840A0BRTW,10.0,2025-11-07
S1A-250900009^4,4,32200236,15.0,2025-11-07
S1A-250900009^5,5,32200262,10.0,2025-11-07
S1A-250900009^6,6,30200712,5.0,2025-11-07
S1A-250900009^7,7,32200775,5.0,2025-11-07
S1A-250900012^1,1,P001B-EDTW,10.0,2025-11-07
S1A-250900012^2,2,P001G-ARTW,10.0,2025-11-07
S11-250800033^1,1,S344B3DRSW,14.0,2025-11-07
S11-250800033^2,2,S846C2SRSW,15.0,2025-11-07
S11-250800033^3,3,S941A2SGSW,6.0,2025-11-07
S11-250800033^4,4,P327-JBBSW,8.0,2025-11-07
S11-250800033^5,5,P330-5BBSW,8.0,2025-11-07
S11-250800033^6,6,P326ALBBSW,8.0,2025-11-07
S11-250800033^7,7,S840GBTLSW2,6.0,2025-11-07
S11-250800036^1,1,S846EBSPSW01,20.0,2025-11-07
S11-250800036^10,10,S946A4BGSWB,9.0,2025-11-07
S11-250800036^2,2,S941A2LGSW,6.0,2025-11-07
S11-250800036^3,3,S946A4DGSWB,9.0,2025-11-07
S11-250800036^4,4,P32762BBSW,8.0,2025-11-07
S11-250800036^5,5,R60120ED20,8.0,2025-11-07
S11-250800036^6,6,39906012,8.0,2025-11-07
S11-250800036^7,7,39900223,8.0,2025-11-07
S11-250800036^8,8,S846EBBGSW01,7.0,2025-11-07
S11-250800036^9,9,S840FBSPSW01,6.0,2025-11-07
S13-250900049^3,3,62009137,3.0,2025-11-07
S19-250900002^1,1,RC202APMU,75.0,2025-11-07
S19-250900002^2,2,RC202APMU3,75.0,2025-11-07
S19-250900002^3,3,RC222APMU,135.0,2025-11-07
S19-250900002^4,4,RP163APMU1,25.0,2025-11-07
S19-250900004^1,1,32000564,50.0,2025-11-10
S19-250900004^10,10,32000593,50.0,2025-11-10
S19-250900004^11,11,32000594,50.0,2025-11-10
S19-250900004^12,12,45700187,30.0,2025-11-10
S19-250900004^13,13,32000595,50.0,2025-11-10
S19-250900004^14,14,45700188,50.0,2025-11-10
S19-250900004^15,15,32000596,50.0,2025-11-10
S19-250900004^16,16,32000599,50.0,2025-11-10
S19-250900004^17,17,32000601,50.0,2025-11-10
S19-250900004^18,18,32000606,40.0,2025-11-10
S19-250900004^19,19,32000616,50.0,2025-11-10
S19-250900004^2,2,32000558,50.0,2025-11-10
S19-250900004^20,20,32000626,20.0,2025-11-10
S19-250900004^3,3,32000565,50.0,2025-11-10
S19-250900004^4,4,32000587,40.0,2025-11-10
S19-250900004^5,5,32000588,50.0,2025-11-10
S19-250900004^6,6,32000589,50.0,2025-11-10
S19-250900004^7,7,32000590,50.0,2025-11-10
S19-250900004^8,8,32000555,150.0,2025-11-10
S19-250900004^9,9,32000591,150.0,2025-11-10
S1A-250900015^1,1,S542A-YLTWB,10.0,2025-11-10
S1A-250900015^2,2,P32747ARTW,5.0,2025-11-10
S11-250900027^1,1,S344-6ARHM,5.0,2025-11-11
S11-250900027^2,2,S344B0BGHM2,5.0,2025-11-11
S11-250900027^3,3,S344B0WHHM2,8.0,2025-11-11
S11-250900027^4,4,S940B0ARHM2,4.0,2025-11-11
S11-250900027^5,5,S940B0BGHM2,4.0,2025-11-11
S11-250900027^6,6,S940A0ARHM,2.0,2025-11-11
S11-250900027^7,7,S940A0BGHM,2.0,2025-11-11
S11-250900027^8,8,65100002,30.0,2025-11-11
S11-250900027^9,9,63600039,30.0,2025-11-11
S13-250900020^1,1,33000145,300.0,2025-11-11
S13-250900020^10,10,34103168,50.0,2025-11-11
S13-250900020^11,11,41280531,400.0,2025-11-11
S13-250900020^12,12,32600604,100.0,2025-11-11
S13-250900020^13,13,33700547,100.0,2025-11-11
S13-250900020^14,14,32600606,150.0,2025-11-11
S13-250900020^15,15,41280532,600.0,2025-11-11
S13-250900020^2,2,33100869,300.0,2025-11-11
S13-250900020^3,3,43780035,300.0,2025-11-11
S13-250900020^4,4,46781037,200.0,2025-11-11
S13-250900020^5,5,46781038,100.0,2025-11-11
S13-250900020^6,6,32600585,150.0,2025-11-11
S13-250900020^7,7,33100867,150.0,2025-11-11
S13-250900020^8,8,39922019,100.0,2025-11-11
S13-250900020^9,9,33000135,150.0,2025-11-11
S13-250900047^3,3,39960157,4.0,2025-11-11
S13-250900047^1,1,62400077,10.0,2025-11-11
S13-250900047^2,2,62300040,20.0,2025-11-11
S13-250900047^4,4,62203007,10.0,2025-11-11
S13-250900047^6,6,62100133,16.0,2025-11-11
S13-250800024^1,1,41780065,200.0,2025-11-12
S13-250800024^2,2,62109138,100.0,2025-11-12
S13-250800024^3,3,61090001,100.0,2025-11-12
S13-250800024^4,4,54200020,100.0,2025-11-12
S13-250800024^5,5,75400018,100.0,2025-11-12
S13-250800024^6,6,43701318,100.0,2025-11-12
S11-250900021^1,1,30200715,99.0,2025-11-12
S11-250900021^2,2,32200741,99.0,2025-11-12
S11-250900021^3,3,66110026,198.0,2025-11-12
S11-250900022^1,1,30500746,99.0,2025-11-12
S11-250900022^2,2,32200742,99.0,2025-11-12
S11-250900022^3,3,66110026,198.0,2025-11-12
S13-250900011^15,15,32600564,200.0,2025-11-12
S13-250900011^17,17,43701268,100.0,2025-11-12
S13-250900011^18,18,43701269,100.0,2025-11-12
S13-250900011^19,19,45700130,200.0,2025-11-12
S13-250900011^20,20,53400030,400.0,2025-11-12
S13-250900011^21,21,61220011,100.0,2025-11-12
S13-250900011^22,22,75145218,100.0,2025-11-12
S13-250900011^23,23,75145219,100.0,2025-11-12
S13-250900011^24,24,61090080,100.0,2025-11-12
S13-250900011^25,25,44600526,100.0,2025-11-12
S13-250900011^26,26,62009129,100.0,2025-11-12
S13-250900013^10,10,43780127,30.0,2025-11-12
S13-250900013^11,11,43780128,50.0,2025-11-12
S13-250900013^12,12,43780193,50.0,2025-11-12
S13-250900013^13,13,43780112,50.0,2025-11-12
S13-250900013^14,14,33300499,50.0,2025-11-12
S13-250900013^3,3,33300514,100.0,2025-11-12
S13-250900013^4,4,30500711,25.0,2025-11-12
S13-250900013^5,5,30500712,25.0,2025-11-12
S13-250900013^6,6,30500713,25.0,2025-11-12
S13-250900013^7,7,30500715,25.0,2025-11-12
S13-250900013^8,8,30500716,25.0,2025-11-12
S13-250900013^9,9,30500835,50.0,2025-11-12
S13-250900014^1,1,33000145,300.0,2025-11-12
S13-250900014^10,10,39931067,25.0,2025-11-12
S13-250900014^11,11,39900179,10.0,2025-11-12
S13-250900014^12,12,62022009,10.0,2025-11-12
S13-250900014^13,13,62012009,10.0,2025-11-12
S13-250900014^14,14,33300473,10.0,2025-11-12
S13-250900014^15,15,53400024,50.0,2025-11-12
S13-250900014^16,16,33300489,10.0,2025-11-12
S13-250900014^17,17,62409016,5.0,2025-11-12
S13-250900014^18,18,30510899,10.0,2025-11-12
S13-250900014^19,19,33103050,5.0,2025-11-12
S13-250900014^2,2,43780035,100.0,2025-11-12
S13-250900014^20,20,32600625,20.0,2025-11-12
S13-250900014^21,21,33100841,10.0,2025-11-12
S13-250900014^3,3,33000135,100.0,2025-11-12
S13-250900014^4,4,32600585,100.0,2025-11-12
S13-250900014^5,5,33100867,75.0,2025-11-12
S13-250900014^6,6,31000353,25.0,2025-11-12
S13-250900014^7,7,32600624,20.0,2025-11-12
S13-250900014^8,8,39933053,10.0,2025-11-12
S13-250900014^9,9,33100871,75.0,2025-11-12
S13-250900023^1,1,32600564,380.0,2025-11-12
S13-250900023^10,10,75145218,200.0,2025-11-12
S13-250900023^11,11,75145219,200.0,2025-11-12
S13-250900023^12,12,61090080,200.0,2025-11-12
S13-250900023^13,13,44600526,200.0,2025-11-12
S13-250900023^14,14,62009129,200.0,2025-11-12
S13-250900023^2,2,32600565,350.0,2025-11-12
S13-250900023^3,3,43600661,200.0,2025-11-12
S13-250900023^4,4,43600662,200.0,2025-11-12
S13-250900023^5,5,43701268,200.0,2025-11-12
S13-250900023^6,6,43701269,200.0,2025-11-12
S13-250900023^7,7,45700130,400.0,2025-11-12
S13-250900023^8,8,53400030,200.0,2025-11-12
S13-250900023^9,9,61220011,200.0,2025-11-12
S13-250900045^3,3,33345011,20.0,2025-11-13
S13-250900045^4,4,33345012,10.0,2025-11-13
S13-250900045^7,7,33500150,2.0,2025-11-13
S13-250900045^9,9,30510512,5.0,2025-11-13
S13-250900045^1,1,61200162,5.0,2025-11-13
S13-250900045^2,2,50405019,50.0,2025-11-13
S13-250900045^5,5,43600523,10.0,2025-11-13
S13-250900045^6,6,43600524,10.0,2025-11-13
S13-250900045^8,8,44600242,2.0,2025-11-13
S11-250800033^1,1,S344B3DRSW,14.0,2025-11-14
S11-250800033^2,2,S846C2SRSW,15.0,2025-11-14
S11-250800033^3,3,S941A2SGSW,6.0,2025-11-14
S11-250800033^4,4,P327-JBBSW,8.0,2025-11-14
S11-250800033^5,5,P330-5BBSW,8.0,2025-11-14
S11-250800033^6,6,P326ALBBSW,8.0,2025-11-14
S11-250800033^7,7,S840GBTLSW2,6.0,2025-11-14
S11-250800036^1,1,S846EBSPSW01,20.0,2025-11-14
S11-250800036^10,10,S946A4BGSWB,9.0,2025-11-14
S11-250800036^2,2,S941A2LGSW,6.0,2025-11-14
S11-250800036^3,3,S946A4DGSWB,9.0,2025-11-14
S11-250800036^4,4,P32762BBSW,8.0,2025-11-14
S11-250800036^5,5,R60120ED20,8.0,2025-11-14
S11-250800036^6,6,39906012,8.0,2025-11-14
S11-250800036^7,7,39900223,8.0,2025-11-14
S11-250800036^8,8,S846EBBGSW01,7.0,2025-11-14
S11-250800036^9,9,S840FBSPSW01,6.0,2025-11-14
S13-250900013^15,15,32100373,150.0,2025-11-14
S13-250900019^10,10,43780193,70.0,2025-11-14
S13-250900019^11,11,43780192,30.0,2025-11-14
S13-250900019^12,12,32100372,100.0,2025-11-14
S13-250900019^13,13,32100388,100.0,2025-11-14
S13-250900019^14,14,32100373,200.0,2025-11-14
S13-250900019^15,15,32100360,20.0,2025-11-14
S13-250900019^2,2,30500711,50.0,2025-11-14
S13-250900019^3,3,30500712,50.0,2025-11-14
S13-250900019^4,4,30500713,50.0,2025-11-14
S13-250900019^5,5,30500733,50.0,2025-11-14
S13-250900019^6,6,30500835,50.0,2025-11-14
S13-250900019^7,7,43780127,60.0,2025-11-14
S13-250900019^8,8,43780112,130.0,2025-11-14
S13-250900019^9,9,43780128,100.0,2025-11-14
S11-250800026^1,1,S946A1PIWV,10.0,2025-11-14
S11-250800026^2,2,S946A1DBWV,8.0,2025-11-14
S11-250800026^3,3,S946A1LBWV,10.0,2025-11-14
S11-250800026^4,4,S946A1DRWV,8.0,2025-11-14
S11-250800026^5,5,S34481DRWV,6.0,2025-11-14
S11-250800026^6,6,P326D-SWWVB,8.0,2025-11-14
S11-250800026^7,7,S542A1WRWVB,10.0,2025-11-14
S11-250800026^8,8,34200301,4.0,2025-11-14
S11-250800035^1,1,S344B3BGSW,12.0,2025-11-14
S11-250800035^2,2,S946A3LBSWB,6.0,2025-11-14
S11-250800035^3,3,S941A2SRSW,15.0,2025-11-14
S11-250800035^4,4,S846C2SPSW,10.0,2025-11-14
S11-250800035^5,5,S846C2BGSW,5.0,2025-11-14
S11-250800035^6,6,S846EBDGSW01,12.0,2025-11-14
S11-250800037^1,1,S344B3DRSW,16.0,2025-11-14
S11-250800037^2,2,S846C2SRSW,12.0,2025-11-14
S11-250800037^3,3,S941A2SGSW,6.0,2025-11-14
S11-250800037^4,4,P327-JBBSW,8.0,2025-11-14
S11-250800037^5,5,P326ALBBSW,8.0,2025-11-14
S11-250800037^6,6,S840GBTLSW2,6.0,2025-11-14
S11-250800037^7,7,P330-5BBSW,8.0,2025-11-14
S11-250900011^1,1,S940AJSRSW,8.0,2025-11-14
S11-250900011^2,2,S940AJSPSW,8.0,2025-11-14
S11-250900011^3,3,S940AJSVSW,8.0,2025-11-14
S11-250900011^4,4,S840FBDGSW01,6.0,2025-11-14
S11-250900011^5,5,S946A4BGSWB,8.0,2025-11-14
S11-250900011^6,6,S946A3SRSWB,8.0,2025-11-14
S11-250900011^7,7,S941A2SGSW,6.0,2025-11-14
S19-250900003^1,1,RC184APMU1,125.0,2025-11-14
S19-250900003^2,2,RC202APMU3,125.0,2025-11-14
S19-250900003^3,3,RC202APMU,125.0,2025-11-14
S1A-250800003^1,1,S247A1ARTW,40.0,2025-11-15
S13-250900046^1,1,62009155,192.0,2025-11-17
S12-250900014^1,1,37200522,1.0,2025-11-17
S12-250900014^2,2,37200517,1.0,2025-11-17
S12-250900014^3,3,37200529,1.0,2025-11-17
S12-250900014^4,4,37226007,1.0,2025-11-17
S13-250900020^16,16,39922019,100.0,2025-11-18
S11-250900033^1,1,P7106500DGB,84.0,2025-11-18
S13-250900044^1,1,44600060,100.0,2025-11-18
S13-250900044^2,2,41780049,10.0,2025-11-18
S13-250900044^3,3,50405033,50.0,2025-11-18
S13-250900044^4,4,75171024,100.0,2025-11-18
S13-250900044^5,5,43600958,5.0,2025-11-18
S13-250900044^6,6,46781106,30.0,2025-11-18
S13-250900044^7,7,42300067,20.0,2025-11-18
S13-251000001^1,1,33700376,10.0,2025-11-18
S13-251000001^2,2,54300026,5.0,2025-11-18
S13-251000001^3,3,62109130,10.0,2025-11-18
S13-251000001^4,4,53108026,1000.0,2025-11-18
S13-250800006^10,10,62012032,280.0,2025-11-19
S13-250800006^11,11,62022032,280.0,2025-11-19
S13-250800006^7,7,63270419,550.0,2025-11-19
S13-250800006^8,8,23330038,275.0,2025-11-19
S13-250800006^9,9,41300487,550.0,2025-11-19
S11-250900019^1,1,30200576,70.0,2025-11-19
S11-250900019^2,2,32200750,70.0,2025-11-19
S11-250900019^3,3,66110026,140.0,2025-11-19
S11-250900020^1,1,P32740ARMUB,30.0,2025-11-19
S11-250900020^2,2,P32740SBMUB,20.0,2025-11-19
S11-250900023^1,1,P310A-ARMUB,25.0,2025-11-19
S13-250900019^16,16,33300514,100.0,2025-11-19
S13-250900021^1,1,39900412,100.0,2025-11-19
S13-250900021^10,10,32100260,20.0,2025-11-19
S13-250900021^11,11,62012070,50.0,2025-11-19
S13-250900021^12,12,62022070,50.0,2025-11-19
S13-250900021^13,13,53400024,50.0,2025-11-19
S13-250900021^14,14,39922020,50.0,2025-11-19
S13-250900021^15,15,32600572,50.0,2025-11-19
S13-250900021^16,16,30600133,50.0,2025-11-19
S13-250900021^17,17,33503170,20.0,2025-11-19
S13-250900021^18,18,30600144,40.0,2025-11-19
S13-250900021^19,19,30600136,30.0,2025-11-19
S13-250900021^2,2,43690332,20.0,2025-11-19
S13-250900021^20,20,62022059,10.0,2025-11-19
S13-250900021^3,3,39922047,100.0,2025-11-19
S13-250900021^4,4,32600624,100.0,2025-11-19
S13-250900021^5,5,62012010,100.0,2025-11-19
S13-250900021^6,6,62022010,75.0,2025-11-19
S13-250900021^7,7,31000509,50.0,2025-11-19
S13-250900021^8,8,33100870,50.0,2025-11-19
S13-250900021^9,9,33100866,20.0,2025-11-19
S13-250900027^1,1,39900191,10.0,2025-11-19
S13-250900027^10,10,64120023,5.0,2025-11-19
S13-250900027^11,11,39905240,5.0,2025-11-19
S13-250900027^12,12,63270419,20.0,2025-11-19
S13-250900027^13,13,63200037,10.0,2025-11-19
S13-250900027^14,14,64510006,5.0,2025-11-19
S13-250900027^15,15,32103188,10.0,2025-11-19
S13-250900027^2,2,30258132,10.0,2025-11-19
S13-250900027^3,3,30258133,10.0,2025-11-19
S13-250900027^4,4,41380250,20.0,2025-11-19
S13-250900027^5,5,30600140,10.0,2025-11-19
S13-250900027^6,6,30203110,10.0,2025-11-19
S13-250900027^7,7,31000474,5.0,2025-11-19
S13-250900027^8,8,31000475,10.0,2025-11-19
S13-250900027^9,9,41280470,5.0,2025-11-19
S13-250900031^1,1,62022001,5.0,2025-11-19
S13-250900031^10,10,32103048,5.0,2025-11-19
S13-250900031^11,11,62300012,5.0,2025-11-19
S13-250900031^12,12,63980145,5.0,2025-11-19
S13-250900031^13,13,46781128,5.0,2025-11-19
S13-250900031^14,14,63143003,5.0,2025-11-19
S13-250900031^15,15,32600594,10.0,2025-11-19
S13-250900031^16,16,33100841,10.0,2025-11-19
S13-250900031^2,2,62012001,5.0,2025-11-19
S13-250900031^3,3,62020074,5.0,2025-11-19
S13-250900031^4,4,62010074,5.0,2025-11-19
S13-250900031^5,5,62010073,10.0,2025-11-19
S13-250900031^6,6,62020073,10.0,2025-11-19
S13-250900031^7,7,30258130,5.0,2025-11-19
S13-250900031^8,8,33500572,5.0,2025-11-19
S13-250900031^9,9,32103006,10.0,2025-11-19
S13-250900058^1,1,61098069,50.0,2025-11-19
S13-250900058^10,10,39900380,5.0,2025-11-19
S13-250900058^11,11,39900381,5.0,2025-11-19
S13-250900058^12,12,39900399,5.0,2025-11-19
S13-250900058^13,13,39900400,5.0,2025-11-19
S13-250900058^14,14,39900401,5.0,2025-11-19
S13-250900058^15,15,39900402,5.0,2025-11-19
S13-250900058^16,16,39900403,5.0,2025-11-19
S13-250900058^17,17,39900404,5.0,2025-11-19
S13-250900058^18,18,39900405,5.0,2025-11-19
S13-250900058^19,19,39900406,5.0,2025-11-19
S13-250900058^2,2,39900341,5.0,2025-11-19
S13-250900058^20,20,39900415,5.0,2025-11-19
S13-250900058^21,21,39900416,5.0,2025-11-19
S13-250900058^22,22,39929015,5.0,2025-11-19
S13-250900058^23,23,39929026,5.0,2025-11-19
S13-250900058^24,24,39936039,5.0,2025-11-19
S13-250900058^25,25,39900379,5.0,2025-11-19
S13-250900058^26,26,39900398,5.0,2025-11-19
S13-250900058^27,27,39900413,5.0,2025-11-19
S13-250900058^28,28,39936058,5.0,2025-11-19
S13-250900058^29,29,39936059,5.0,2025-11-19
S13-250900058^3,3,39900368,5.0,2025-11-19
S13-250900058^4,4,39900369,5.0,2025-11-19
S13-250900058^5,5,39900370,5.0,2025-11-19
S13-250900058^6,6,39900371,5.0,2025-11-19
S13-250900058^7,7,39900372,5.0,2025-11-19
S13-250900058^8,8,39900373,5.0,2025-11-19
S13-250900058^9,9,39900374,5.0,2025-11-19
S13-250900059^1,1,61098069,100.0,2025-11-19
S13-250900059^10,10,39900380,10.0,2025-11-19
S13-250900059^11,11,39900381,10.0,2025-11-19
S13-250900059^12,12,39900399,10.0,2025-11-19
S13-250900059^13,13,39900400,10.0,2025-11-19
S13-250900059^14,14,39900401,10.0,2025-11-19
S13-250900059^15,15,39900402,10.0,2025-11-19
S13-250900059^16,16,39900403,10.0,2025-11-19
S13-250900059^17,17,39900404,10.0,2025-11-19
S13-250900059^18,18,39900405,10.0,2025-11-19
S13-250900059^19,19,39900406,10.0,2025-11-19
S13-250900059^2,2,39900341,10.0,2025-11-19
S13-250900059^20,20,39900415,10.0,2025-11-19
S13-250900059^21,21,39900416,10.0,2025-11-19
S13-250900059^22,22,39929015,10.0,2025-11-19
S13-250900059^23,23,39929026,10.0,2025-11-19
S13-250900059^24,24,39936039,10.0,2025-11-19
S13-250900059^25,25,39900367,5.0,2025-11-19
S13-250900059^26,26,39900375,5.0,2025-11-19
S13-250900059^27,27,39900376,5.0,2025-11-19
S13-250900059^28,28,39900379,5.0,2025-11-19
S13-250900059^29,29,39900382,5.0,2025-11-19
S13-250900059^3,3,39900368,10.0,2025-11-19
S13-250900059^30,30,39900398,5.0,2025-11-19
S13-250900059^31,31,39900407,5.0,2025-11-19
S13-250900059^32,32,39900413,5.0,2025-11-19
S13-250900059^33,33,39929016,5.0,2025-11-19
S13-250900059^34,34,39929017,5.0,2025-11-19
S13-250900059^35,35,39929019,5.0,2025-11-19
S13-250900059^36,36,39929020,5.0,2025-11-19
S13-250900059^37,37,39929021,5.0,2025-11-19
S13-250900059^38,38,39929022,5.0,2025-11-19
S13-250900059^39,39,39929023,5.0,2025-11-19
S13-250900059^4,4,39900369,10.0,2025-11-19
S13-250900059^40,40,39929024,5.0,2025-11-19
S13-250900059^41,41,39929025,5.0,2025-11-19
S13-250900059^42,42,39936040,5.0,2025-11-19
S13-250900059^43,43,39936041,5.0,2025-11-19
S13-250900059^44,44,39936042,5.0,2025-11-19
S13-250900059^45,45,39936043,5.0,2025-11-19
S13-250900059^46,46,39936044,5.0,2025-11-19
S13-250900059^47,47,39936045,5.0,2025-11-19
S13-250900059^48,48,39936046,5.0,2025-11-19
S13-250900059^49,49,39936047,5.0,2025-11-19
S13-250900059^5,5,39900370,10.0,2025-11-19
S13-250900059^50,50,39936048,5.0,2025-11-19
S13-250900059^51,51,39936049,5.0,2025-11-19
S13-250900059^52,52,39936050,5.0,2025-11-19
S13-250900059^53,53,39936051,5.0,2025-11-19
S13-250900059^54,54,39936053,5.0,2025-11-19
S13-250900059^55,55,39936054,5.0,2025-11-19
S13-250900059^56,56,39936055,5.0,2025-11-19
S13-250900059^57,57,39936056,5.0,2025-11-19
S13-250900059^58,58,39936058,5.0,2025-11-19
S13-250900059^59,59,39936059,5.0,2025-11-19
S13-250900059^6,6,39900371,10.0,2025-11-19
S13-250900059^7,7,39900372,10.0,2025-11-19
S13-250900059^8,8,39900373,10.0,2025-11-19
S13-250900059^9,9,39900374,10.0,2025-11-19
S13-250900063^1,1,61098069,50.0,2025-11-19
S13-250900063^10,10,39900380,10.0,2025-11-19
S13-250900063^11,11,39900381,10.0,2025-11-19
S13-250900063^12,12,39900399,10.0,2025-11-19
S13-250900063^13,13,39900400,10.0,2025-11-19
S13-250900063^14,14,39900401,10.0,2025-11-19
S13-250900063^15,15,39900402,10.0,2025-11-19
S13-250900063^16,16,39900403,10.0,2025-11-19
S13-250900063^17,17,39900404,10.0,2025-11-19
S13-250900063^18,18,39900405,10.0,2025-11-19
S13-250900063^19,19,39900406,10.0,2025-11-19
S13-250900063^2,2,39900341,10.0,2025-11-19
S13-250900063^20,20,39900415,10.0,2025-11-19
S13-250900063^21,21,39900416,10.0,2025-11-19
S13-250900063^22,22,39929015,10.0,2025-11-19
S13-250900063^23,23,39929026,10.0,2025-11-19
S13-250900063^24,24,39936039,10.0,2025-11-19
S13-250900063^25,25,39900367,5.0,2025-11-19
S13-250900063^26,26,39900375,5.0,2025-11-19
S13-250900063^27,27,39900376,5.0,2025-11-19
S13-250900063^28,28,39900379,5.0,2025-11-19
S13-250900063^29,29,39900382,5.0,2025-11-19
S13-250900063^3,3,39900368,5.0,2025-11-19
S13-250900063^30,30,39900398,5.0,2025-11-19
S13-250900063^31,31,39900407,5.0,2025-11-19
S13-250900063^32,32,39900413,5.0,2025-11-19
S13-250900063^33,33,39929016,5.0,2025-11-19
S13-250900063^34,34,39929017,5.0,2025-11-19
S13-250900063^35,35,39929019,5.0,2025-11-19
S13-250900063^36,36,39929020,5.0,2025-11-19
S13-250900063^37,37,39929021,5.0,2025-11-19
S13-250900063^38,38,39929022,5.0,2025-11-19
S13-250900063^39,39,39929023,5.0,2025-11-19
S13-250900063^4,4,39900369,10.0,2025-11-19
S13-250900063^40,40,39929024,5.0,2025-11-19
S13-250900063^41,41,39929025,5.0,2025-11-19
S13-250900063^42,42,39936040,5.0,2025-11-19
S13-250900063^43,43,39936041,5.0,2025-11-19
S13-250900063^44,44,39936042,5.0,2025-11-19
S13-250900063^45,45,39936043,5.0,2025-11-19
S13-250900063^46,46,39936044,5.0,2025-11-19
S13-250900063^47,47,39936045,5.0,2025-11-19
S13-250900063^48,48,39936046,5.0,2025-11-19
S13-250900063^49,49,39936047,5.0,2025-11-19
S13-250900063^5,5,39900370,5.0,2025-11-19
S13-250900063^50,50,39936048,5.0,2025-11-19
S13-250900063^51,51,39936049,5.0,2025-11-19
S13-250900063^52,52,39936050,5.0,2025-11-19
S13-250900063^53,53,39936051,5.0,2025-11-19
S13-250900063^54,54,39936053,5.0,2025-11-19
S13-250900063^55,55,39936054,5.0,2025-11-19
S13-250900063^56,56,39936055,5.0,2025-11-19
S13-250900063^57,57,39936056,5.0,2025-11-19
S13-250900063^58,58,39936058,5.0,2025-11-19
S13-250900063^59,59,39936059,5.0,2025-11-19
S13-250900063^6,6,39900371,10.0,2025-11-19
S13-250900063^7,7,39900372,10.0,2025-11-19
S13-250900063^8,8,39900373,10.0,2025-11-19
S13-250900063^9,9,39900374,10.0,2025-11-19
S11-250900001^1,1,S150--SVAEB,75.0,2025-11-20
S11-250900014^1,1,S551--SVAEB,75.0,2025-11-20
S13-250900051^1,1,30300333,40.0,2025-11-20
S13-250900051^10,10,33300359,15.0,2025-11-20
S13-250900051^12,12,33519097,12.0,2025-11-20
S13-250900051^14,14,39937184,40.0,2025-11-20
S13-250900051^2,2,30300453,10.0,2025-11-20
S13-250900051^8,8,30519323,12.0,2025-11-20
S13-250900051^11,11,33503068,4.0,2025-11-20
S13-250900051^13,13,33700216,20.0,2025-11-20
S13-250900051^15,15,41200541,100.0,2025-11-20
S13-250900051^16,16,41200541,100.0,2025-11-20
S13-250900051^17,17,41380124,50.0,2025-11-20
S13-250900051^18,18,41700087,40.0,2025-11-20
S13-250900051^19,19,43690631,30.0,2025-11-20
S13-250900051^20,20,43690632,30.0,2025-11-20
S13-250900051^21,21,43780006,30.0,2025-11-20
S13-250900051^22,22,44600519,80.0,2025-11-20
S13-250900051^23,23,46700006,70.0,2025-11-20
S13-250900051^24,24,46700008,70.0,2025-11-20
S13-250900051^25,25,46700300,60.0,2025-11-20
S13-250900051^26,26,51210003,80.0,2025-11-20
S13-250900051^27,27,53100040,50.0,2025-11-20
S13-250900051^28,28,53500181,30.0,2025-11-20
S13-250900051^29,29,61230106,10.0,2025-11-20
S13-250900051^3,3,30303125,80.0,2025-11-20
S13-250900051^30,30,62003025,3.0,2025-11-20
S13-250900051^31,31,62009020,6.0,2025-11-20
S13-250900051^32,32,62400012,150.0,2025-11-20
S13-250900051^33,33,63453021,10.0,2025-11-20
S13-250900051^34,34,63600007,100.0,2025-11-20
S13-250900051^35,35,63847803,20.0,2025-11-20
S13-250900051^36,36,65142005,100.0,2025-11-20
S13-250900051^37,37,65142025,20.0,2025-11-20
S13-250900051^4,4,30303197,6.0,2025-11-20
S13-250900051^5,5,30303207,10.0,2025-11-20
S13-250900051^6,6,30303225,100.0,2025-11-20
S13-250900051^7,7,30303342,60.0,2025-11-20
S13-250900051^9,9,32600484,10.0,2025-11-20
S13-250900013^16,16,32100372,100.0,2025-11-21
S13-250900019^17,17,32100372,100.0,2025-11-21
S13-250900019^18,18,32100388,100.0,2025-11-21
S13-250900019^19,19,32100373,200.0,2025-11-21
S1A-250900006^1,1,P110AUBVTW,10.0,2025-11-21
S1A-250900020^1,1,P110NUBVTW,10.0,2025-11-21
S11-250800037^1,1,S344B3DRSW,16.0,2025-11-21
S11-250800037^2,2,S846C2SRSW,12.0,2025-11-21
S11-250800037^3,3,S941A2SGSW,6.0,2025-11-21
S11-250800037^4,4,P327-JBBSW,8.0,2025-11-21
S11-250800037^5,5,P326ALBBSW,8.0,2025-11-21
S11-250800037^6,6,S840GBTLSW2,6.0,2025-11-21
S11-250800037^7,7,P330-5BBSW,8.0,2025-11-21
S13-250900068^1,1,62001265,96.0,2025-11-21
S13-250900068^2,2,62001279,48.0,2025-11-21
S13-250900069^1,1,62003007,168.0,2025-11-21
S13-250900069^2,2,62003021,42.0,2025-11-21
S11-250900035^1,1,P001G-ARTE,200.0,2025-11-24
S11-250900016^1,1,30200715,99.0,2025-11-26
S11-250900016^2,2,32200741,99.0,2025-11-26
S11-250900016^3,3,66110026,198.0,2025-11-26
S11-250900018^1,1,32200742,99.0,2025-11-26
S11-250900018^2,2,30500746,99.0,2025-11-26
S11-250900018^3,3,66110026,198.0,2025-11-26
S13-250900019^20,20,33300514,100.0,2025-11-26
S11-250900028^1,1,P321A-SWRCB,20.0,2025-11-26
S11-250900028^3,3,33000135,10.0,2025-11-26
S11-250900028^4,4,34100111,4.0,2025-11-26
S11-250900028^5,5,43690177,2.0,2025-11-26
S11-250900028^6,6,S940ABSVRC,6.0,2025-11-26
S11-250900028^7,7,P001E-EDRCB,30.0,2025-11-26
S11-250900028^9,9,44689070,10.0,2025-11-26
S11-250800035^1,1,S344B3BGSW,12.0,2025-11-28
S11-250800035^2,2,S946A3LBSWB,6.0,2025-11-28
S11-250800035^3,3,S941A2SRSW,15.0,2025-11-28
S11-250800035^4,4,S846C2SPSW,10.0,2025-11-28
S11-250800035^5,5,S846C2BGSW,5.0,2025-11-28
S11-250800035^6,6,S846EBDGSW01,12.0,2025-11-28
S11-250800037^1,1,S344B3DRSW,16.0,2025-11-28
S11-250800037^2,2,S846C2SRSW,12.0,2025-11-28
S11-250800037^3,3,S941A2SGSW,6.0,2025-11-28
S11-250800037^4,4,P327-JBBSW,8.0,2025-11-28
S11-250800037^5,5,P326ALBBSW,8.0,2025-11-28
S11-250800037^6,6,S840GBTLSW2,6.0,2025-11-28
S11-250800037^7,7,P330-5BBSW,8.0,2025-11-28
S11-250900011^1,1,S940AJSRSW,8.0,2025-11-28
S11-250900011^2,2,S940AJSPSW,8.0,2025-11-28
S11-250900011^3,3,S940AJSVSW,8.0,2025-11-28
S11-250900011^4,4,S840FBDGSW01,6.0,2025-11-28
S11-250900011^5,5,S946A4BGSWB,8.0,2025-11-28
S11-250900011^6,6,S946A3SRSWB,8.0,2025-11-28
S11-250900011^7,7,S941A2SGSW,6.0,2025-11-28
S13-250900013^17,17,32100373,200.0,2025-11-28
S13-250900019^21,21,32100388,100.0,2025-11-28
S13-250900019^22,22,32100373,200.0,2025-11-28
S11-250900024^1,1,E603A-BRVNB,8.0,2025-11-28
S11-250900024^2,2,E603A-DRVNB,4.0,2025-11-28
